abstract 简报,title 标题,keywords 关键词,read_count 阅读量,share_count 分享数量,ban_comment 可评论,publish_time 推送时间,share_url url 链接,user_info_name 用户名,user_id 用户 id,description 用户描述,user_verified 官方账号,time 抓取时间,category 频道
2019年1月21日，省部级主要领导干部坚持底线思维着力防范化解重大风险专题研讨班在中央党校开班。	习近平在讲话中提到“需要有充沛顽强的斗争精神”、“既要打好防范和抵御风险的有准备之战，也要打好化险为夷、转危为机的战略主动战”，并作出一系列部署。,如何打好防范化解重大风险之战，习近平这样部署,"习近平,领导干部,省部级,斗争精神,防范化解",174558,913,0,2019-01-22 16:23:34,http://m.toutiao.com/a6649233923232498180/?iid=1234876543&app=news_article&is_hit_share_recommend=0,央视网新闻,50025817786,央视网原创内容，包含热点解析，精彩图片，说新闻等。,True,2019-01-22 17:59:40,selected
京津冀协同发展战略自2014年开始实施，已经5年了。京津冀三地发生了哪些变化？未来又会给大家带来怎样的惊喜？1月16日至18日，习近平在京津冀考察调研透露了京津冀协同发展重要信号。让我们跟随“习近平的足迹”一探究竟。,习近平的足迹丨京津冀联手共绘新蓝图,"京津冀,李永升,习近平,中国新华新闻电视网,足迹",184906,1055,0,2019-01-21 20:09:33,http://m.toutiao.com/group/6648921074199167495/?iid=1234876543&app=news_article&is_hit_share_recommend=0,新华社客户端,3564799576,新华社客户端依托国家通讯社遍布全球的新闻信息采集网络，全天候发布一手新闻资讯。,True,2019-01-22 17:59:40,selected
甲乙村独树一帜的独山三酸，他们寻臭而来，寻找可以下饭的“臭”很“臭”但是一种很下饭的“臭”，寻找甲乙村的独山三酸,很“臭”但是一种很下饭的“臭”，寻找甲乙村的独山三酸,"独山,甲乙村",1,0,0,2019-01-22 17:31:02,http://m.toutiao.com/a6649251309381747213/?iid=1234876543&app=news_article&is_hit_share_recommend=0,生活每日爆料,3703019622,生活类节目的短视频拆条,True,2019-01-22 17:59:40,selected
虽然还在上幼儿园大班，但是她的身高已经长到了132cm，看起来像是三年级学生一样，比同班同学高出一大截。,6岁女孩身高1米32比同学高一头，医生：她顶多长到1米53,"中南大学,第二性征,性早熟,戴红梅,骨龄",38423,36,0,2019-01-22 15:59:00,http://m.toutiao.com/group/6649227595948753422/?iid=1234876543&app=news_article&is_hit_share_recommend=0,潇湘晨报,3348826768,湖南发行量和影响力第一纸媒，正致力于建设多介质的现代品牌报系和综合传播平台。,False,2019-01-22 17:59:40,selected
马克思主义哲学的基本观点为中国共产党提供了世界是物质性的，物质决定意识的认识世界、改造世界的世界观、方法论。恩格斯曾指出：“在社会主义者当中也有理论家，或者，像共产主义者称呼他们的那样，十足的无神论者。,为什么共产党员必须是彻底的无神论者,"无神论,马克思主义,共产党员,中国共产党纪律处分条例,有神论,无神论者",32224,358,0,2019-01-22 15:41:20,http://m.toutiao.com/group/6649223039609209352/?iid=1234876543&app=news_article&is_hit_share_recommend=0,人民网,50502346173,人民网官方头条号:权威、实力，源自人民,True,2019-01-22 17:59:40,selected
黄梅戏名家吴琼一出黄梅戏《红罗帕》选段，戏中人物转变太完美了lyg,不愧是黄梅歌后！吴琼一出黄梅戏《红罗帕》选段，一点瑕疵都没有,"选段,红罗帕,黄梅戏,黄梅歌,吴琼",70,2,0,2019-01-22 17:00:53,http://m.toutiao.com/a6649243541732065795/?iid=1234876543&app=news_article&is_hit_share_recommend=0,山西广电文娱,105907777797,山西广电文娱官方帐号,True,2019-01-22 17:59:40,selected
登哥怒了！起身要干恩比德~爆发球场冲突。就事论事，恩比德伸腿这一下算不算恶意犯规？,登哥怒了！起身要干恩比德~爆发球场冲突！,"恩比德,哥怒",292240,123,0,2019-01-22 10:24:29,http://m.toutiao.com/a6649141388984189444/?iid=1234876543&app=news_article&is_hit_share_recommend=0,头条篮球,59336955238,来头条篮球，一起做篮球界老司机！,True,2019-01-22 17:59:40,selected
虽然在七十多年前，日本已经宣布无条件投降，受和平宪法限制，日本无法发展强大的武装力量，但是全世界都知道，日本变着法的造武器装备，国内还充斥着大量的军国主义，只要有机会，他们随时都可能发动一场战争。当然，解放军的力量已今非昔比，那么，如果中日再次开战，结果会怎样呢？,如今的日本还能与中国一战吗？美国智库大胆预测，看完我放心了,"军国主义,日本,美国智库,和平宪法,无条件投降",407753,371,0,2019-01-16 12:35:02,http://m.toutiao.com/a6646286409088893447/?iid=1234876543&app=news_article&is_hit_share_recommend=0,天下有警视频,52497033688,天下有警，主要收集整理全球警察咨询，传播警察文化！,True,2019-01-22 17:59:40,selected
他目前在复健当中、恢复“良好”。有机会过年前出院，“会挑个好日子”，毕竟谁都不愿在医院过年。那统一后就得受中国审判！,李登辉想回家过年？将“挑个好日子”出院,"李登辉,好日子",95937,118,0,2019-01-22 10:07:22,http://m.toutiao.com/a6649136976626713091/?iid=1234876543&app=news_article&is_hit_share_recommend=0,你好台湾网,6291349812,爱台湾 反台独 网聚两岸 以心相交,True,2019-01-22 17:59:40,selected
接着读下去，让小康在这篇文章里面告诉你答案吧！1.恢复疲劳所有的天然食品中，大脑神经元所需要的能量在蜂蜜中含量最高。,注意了，喝蜂蜜对胃有2大好处，一篇文章为你说清楚,"枇杷蜜,肠蠕动,6.消除积食蜂蜜,7.缓解神经紧张,葡萄糖",112,0,0,2019-01-22 17:33:30,http://m.toutiao.com/a6649251947389911559/?iid=1234876543&app=news_article&is_hit_share_recommend=0,康爱多网上药店,50263106502,"康爱多为您提供全面健康生活小常识,用药知识等健康资讯。",True,2019-01-22 17:59:40,selected
	2018年12月23日提请十三届全国人大常委会第七次会议审议的《国务院关于生育保险和职工基本医疗保险合并实施试点工作总结的报告》指出，两项保险合并实施试点取得积极成效。,重磅信号！“5险1金”要变“4险1金”,"生育,经办,社会保险基金,女职工劳动保护特别规定,社会保险,中华人民共和国社会保险法,试点,社会保险法",122586,193,0,2019-01-22 08:54:29,http://m.toutiao.com/a6649118195544228366/?iid=1234876543&app=news_article&is_hit_share_recommend=0,天津二中院,51051364484,天津二中院审判执行、队伍建设以及廉政监督方面的工作,True,2019-01-22 17:59:40,selected
干豆角红烧肉的做法，五花肉这样做菜，一盘不够吃，好吃不油腻，红烧肉的创新做法,大厨教你：红烧肉的简单做法，0基础都能学会，而且好吃不油腻,"红烧肉,大厨,五花肉,干豆角",38542,489,0,2019-01-03 20:35:32,http://m.toutiao.com/a6642248239162622467/?iid=1234876543&app=news_article&is_hit_share_recommend=0,厨师秀,6536994727,专业菜谱制作经验分享，餐饮经营思路分享,True,2019-01-22 17:59:40,selected
胆囊结石发生的危险因素,胆囊结石发生的危险因素,胆囊结石,1,0,0,2019-01-22 17:34:08,http://m.toutiao.com/a6649252110284096007/?iid=1234876543&app=news_article&is_hit_share_recommend=0,名医在线网,3639543717,权威视频健康服务平台,True,2019-01-22 17:59:40,selected
多党合作和政治协商制度，是人类政治发展史上的伟大政治创造,她是中国唯一一位没有缺席连任任何一届的连任代表，你知道她吗？,"政治,多党合作,政治协商制度",179513,858,0,2019-01-21 18:58:33,http://m.toutiao.com/a6648902779479785991/?iid=1234876543&app=news_article&is_hit_share_recommend=0,CETV师说,108267837998,中国教育电视台《师说》栏目,True,2019-01-22 17:59:40,selected
酒店里都是这样切黄瓜，难怪切得那么好看，还不学就亏了,酒店里都是这样切黄瓜，难怪切得那么好看，还不学就亏了,黄瓜,472088,377,0,2018-12-28 19:10:05,http://m.toutiao.com/a6639991526321553927/?iid=1234876543&app=news_article&is_hit_share_recommend=0,小雄美食平台,51529786901,小雄哥教你做菜，让美食和健康伴随你！,True,2019-01-22 17:59:40,selected
栈桥故事会《义娶》（上）05,丈夫撞见妻子出轨，她却谎称自己在上海，挂了电话的他这样选择,"出轨,故事会,义娶,上海",573893,1244,0,2019-01-12 21:29:27,http://m.toutiao.com/a6632560988635791880/?iid=1234876543&app=news_article&is_hit_share_recommend=0,蓝睛,52695938217,青岛市广播电视台的官方融媒体（视音频新闻首发）发布平台。,True,2019-01-22 17:59:40,selected
江西卫视非遗美食,非遗美食――|蛄豆腐,"豆腐,江西卫视",116025,555,0,2018-11-11 09:16:00,http://m.toutiao.com/a6621665016871387651/?iid=1234876543&app=news_article&is_hit_share_recommend=0,中国非遗美食,99513752651,江西卫视每周四晚21:25播出《非遗美食》节目,False,2019-01-22 17:59:40,selected
一个红薯2个鸡蛋，不蒸，不烤，不油炸，健康美味，太好吃了,一个红薯2个鸡蛋，不蒸，不烤，不油炸，健康美味，太好吃了,"鸡蛋,美味,红薯",1562734,45029,0,2018-12-18 18:29:26,http://m.toutiao.com/a6636278379123311117/?iid=1234876543&app=news_article&is_hit_share_recommend=0,阿玉爱美食,80302301017,今天吃什么，这是我想的也是你想知道的,True,2019-01-22 17:59:40,selected
2019年1月21日，省部级主要领导干部坚持底线思维着力防范化解重大风险专题研讨班在中央党校开班。	习近平在讲话中提到“需要有充沛顽强的斗争精神”、“既要打好防范和抵御风险的有准备之战，也要打好化险为夷、转危为机的战略主动战”，并作出一系列部署。,如何打好防范化解重大风险之战，习近平这样部署,"防范化解,习近平,领导干部,省部级,斗争精神",174558,913,0,2019-01-22 16:23:34,http://m.toutiao.com/a6649233923232498180/?iid=1234876543&app=news_article&is_hit_share_recommend=0,央视网新闻,50025817786,央视网原创内容，包含热点解析，精彩图片，说新闻等。,True,2019-01-22 17:59:43,selected
京津冀协同发展战略自2014年开始实施，已经5年了。京津冀三地发生了哪些变化？未来又会给大家带来怎样的惊喜？1月16日至18日，习近平在京津冀考察调研透露了京津冀协同发展重要信号。让我们跟随“习近平的足迹”一探究竟。,习近平的足迹丨京津冀联手共绘新蓝图,"京津冀,李永升,习近平,中国新华新闻电视网,足迹",184906,1055,0,2019-01-21 20:09:33,http://m.toutiao.com/group/6648921074199167495/?iid=1234876543&app=news_article&is_hit_share_recommend=0,新华社客户端,3564799576,新华社客户端依托国家通讯社遍布全球的新闻信息采集网络，全天候发布一手新闻资讯。,True,2019-01-22 17:59:43,selected
卤菜 美味食谱 家常菜 下酒菜 猪头肉 40岁老师傅秘制卤猪头肉做法，几十年老味道，学到就是赚到！自制卤猪头肉，秘制配方比例告诉你，学会过年宴客倍有面！,40岁老师傅秘制卤猪头肉做法，几十年老味道，学到就是赚到！,"猪头肉,家常菜,卤猪头肉,秘制,老师傅",941,6,0,2019-01-22 17:18:12,http://m.toutiao.com/a6649248002630222340/?iid=1234876543&app=news_article&is_hit_share_recommend=0,刘一手美食,76320526473,我是刘一手美食老刘，每天教您一道菜，让您秒变神厨！,True,2019-01-22 17:59:43,selected
照片显示，“唐纳德・库克”号导弹驱逐舰19日穿越博斯普鲁斯海峡进入黑海，目前已抵达格鲁吉亚港口并将停留至本月25日，在此期间，“库克”号将与格鲁吉亚海岸警卫队举行联合军演。,美俄黑海对峙 美军公布战舰进入黑海照片,"美国,格鲁吉亚,俄罗斯,黑海,黑海舰队",36014,9,0,2019-01-22 11:31:05,http://m.toutiao.com/group/6649158551132439054/?iid=1234876543&app=news_article&is_hit_share_recommend=0,国际在线,3528285997,国际在线于1998年12月26日正式发布，是由中国国际广播电台主办的国家重点新闻网站，通过61种语言对全球进行传播，是全球语言种类最多、传播地域最广、影响人群最大的多语种、多应用、多终端的网站集群。,True,2019-01-22 17:59:43,selected
1月20日，一辆运鱼货车在浙江丽水某行车隧道内爆胎，车辆失控翻车，3000多公斤鲜活的红鲤鱼在近100米的路面上活蹦乱跳。,运鱼货车爆胎 3000公斤锦鲤隧道蹦迪,"货车,视频,蹦迪,隧道,爆胎",401,2,0,2019-01-21 17:55:39,http://m.toutiao.com/a6648886569665036814/?iid=1234876543&app=news_article&is_hit_share_recommend=0,渭南青年门户网,3852363346,青年有所呼，我们有所应。,False,2019-01-22 17:59:43,selected
其中：济南法院依法对4起涉恶势力犯罪案件进行集中宣判：济南中院对张学文等16人恶势力犯罪集团案件进行二审宣判。,扫黑除恶｜共67人！这8起黑恶势力犯罪和“保护伞”犯罪案件集中宣判！,"李建刚,张学平,王志东,张学文,犯罪集团",21893,36,0,2019-01-22 11:43:19,http://m.toutiao.com/group/6649161704707981838/?iid=1234876543&app=news_article&is_hit_share_recommend=0,山东高法,4313551411,山东省高级人民法院官方头条号,True,2019-01-22 17:59:43,selected
2张豆腐皮，半斤五花肉，轻轻一卷，下锅一煮，好看又好吃,2张豆腐皮，半斤五花肉，轻轻一卷，下锅一煮，好看又好吃,"五花肉,下锅",1601,11,0,2019-01-21 17:38:46,http://m.toutiao.com/a6648882217021866504/?iid=1234876543&app=news_article&is_hit_share_recommend=0,掌上家常菜,67187236812,这里的美食，有家的味道。,True,2019-01-22 17:59:43,selected
如今电灯分为了很多种，从以前传统的白炽灯，到现在流行的LED灯，不得不说的是科技的进步在家装行业里也得到了完美的诠释。开关问题1、开关质量差开关自身绝缘性不好，导致断开开关后，内部依然有虚接。,电灯关掉后依然闪烁怎么办？老电工教你1招，彻底解决故障！,"电灯,零线,白炽灯,开关,绝缘性",297223,1379,0,2019-01-19 09:24:24,http://m.toutiao.com/group/6648012651555193348/?iid=1234876543&app=news_article&is_hit_share_recommend=0,房天下资讯,3365711366,房天下提供行业动态、房产资讯，为您开启一站式购房服务！,False,2019-01-22 17:59:43,selected
父母被小儿子赶去住茅厕，儿媳恶语相向：都八十多了还不死！,儿子建成新房后，将父母赶去住茅厕，儿媳：都八十多了还不死！,儿媳,254423,629,0,2019-01-02 17:14:17,http://m.toutiao.com/a6641740139422810638/?iid=1234876543&app=news_article&is_hit_share_recommend=0,江西都市情缘,96564703243,江西广播电视台都市频道：都市情缘,True,2019-01-22 17:59:43,selected
阴差阳错 19岁亡命天涯 一场答谢宴引发的血案,阴差阳错 19岁亡命天涯 一场答谢宴引发的血案,"阴差阳错,亡命天涯",47360,202,0,2019-01-10 16:09:27,http://m.toutiao.com/a6644777264842015246/?iid=1234876543&app=news_article&is_hit_share_recommend=0,央视网新闻,50025817786,央视网原创内容，包含热点解析，精彩图片，说新闻等。,True,2019-01-22 17:59:43,selected
02近日，有外媒发现，苹果在北美官网对iPhoneSE进行了促销，跟以往不同的是，这不是翻新机而是地地道道的全新机。,iPhone se促销清仓售价便宜700左右：没买到就可惜了,"苹果iphone,玫瑰金,苹果官网,iPhone SE,iphone",44273,19,0,2019-01-22 09:23:28,http://m.toutiao.com/group/6649125666283323907/?iid=1234876543&app=news_article&is_hit_share_recommend=0,福建闽南网,5774468067,闽南网由福建日报社（集团）主管主办。,True,2019-01-22 17:59:43,selected
奥迪再陷“污染门”，4年过去还是有刺鼻的气味，车主铁心要维权！,男子曾花费28万买奥迪车，4年过去，车内还总有刺鼻的气味！,"奥迪车,污染门,气味,奥迪",22,0,0,2019-01-22 17:19:57,http://m.toutiao.com/a6649248453589221892/?iid=1234876543&app=news_article&is_hit_share_recommend=0,视听云南,100714199572,云南广电网络台新媒体官方账号,True,2019-01-22 17:59:43,selected
城乡居民养老金调整：全国有1.,好消息！城乡居民养老金调整幅度已确定，你涨了多少钱？,养老金,400310,1153,0,2019-01-21 18:25:52,http://m.toutiao.com/a6648894357954888205/?iid=1234876543&app=news_article&is_hit_share_recommend=0,胡观世事,58887397322,理性分析与百姓息息相关的事儿，服务百姓生活。,True,2019-01-22 17:59:43,selected
主人把香猪养成狗，上场后尾巴摇的跟狗狗一样，竟还会“说谢谢”hp,主人把香猪养成狗，上场后尾巴摇的跟狗狗一样，竟还会“说谢谢”,"狗狗,香猪",9977,76,0,2019-01-22 14:01:13,http://m.toutiao.com/a6649197241368068622/?iid=1234876543&app=news_article&is_hit_share_recommend=0,吉林卫视官方号,62121706627,情动中国吉林卫视，吉林卫视头条官方账号,True,2019-01-22 17:59:43,selected
厨师长教你河南正宗炒面条的做法，食材简单，营养美味，这种老式炒面，很多人都不会炒，做法确实比较复杂，但是味道就是好吃，特别是配上老式鸡蛋汤，那味道真是太美了，视频清晰详细，让你一看就会。,河南即将消失的炒面条，生面条直接上锅炒，厨师长教你正宗的做法,"食材,厨师长,面条,鸡蛋汤,河南",183098,3940,0,2018-12-11 10:30:00,http://m.toutiao.com/a6633401446752584195/?iid=1234876543&app=news_article&is_hit_share_recommend=0,第一名厨,5557205973,探店美食，热爱厨艺，分享生活中的点点滴滴。,True,2019-01-22 17:59:43,selected
刘敏涛只是剪掉长发变波波头，居然意外走红，减龄又时尚。剪好发型之后，记得让发型师给你做一个“水波纹”的纹理烫发，这样你的头发才有蓬松感，层次感，纹理感，保证你能马上get到时尚元素，发尾可以做小小的外翻，显得更加灵动优雅大气，魅力十足。,43岁刘敏涛剪掉10年长发，波波头发型意外减龄，秒变23岁青春少女,"波波头,美美哒,开叉裙,人鬼情缘、福贵、琅琊榜,剪短发,刘敏涛",14212,5,0,2019-01-22 16:02:58,http://m.toutiao.com/group/6649228617131753987/?iid=1234876543&app=news_article&is_hit_share_recommend=0,未视界,61660169450,未来网 ― 中央新闻网站,True,2019-01-22 17:59:43,selected
这些被钓上来的鱼大多是金枪鱼，它们在繁殖期间数量非常之多，有经验的钓鱼者不断甩动鱼竿，鱼就从海里不断被拉上来。,一群人在大海上钓鱼，几乎每一秒都有鱼上钩，到底发生了什么？,"钓鱼者,金枪鱼",503386,810,0,2018-12-16 09:24:00,http://m.toutiao.com/a6635179996031746568/?iid=1234876543&app=news_article&is_hit_share_recommend=0,乌龟动物,67399130366,专注动物领域，分享最有趣的动物原创视频！,False,2019-01-22 17:59:43,selected
回顾2018，对于有的汽车厂商们来说可谓是收获颇丰，它们旗下有很多的车型被消费者所认知和熟悉，销量也是相当不错。,买车的都看看，2018年销量最好的15个汽车品牌出炉，丰田未进前十,"上汽,RAV4,凯美瑞,卡罗拉,帕萨特,上汽通用,丰田,吉利汽车,一汽,丰田汽车,上汽大众",341239,342,0,2019-01-15 20:14:02,http://m.toutiao.com/a6646695688979612173/?iid=1234876543&app=news_article&article_category=automobile&is_hit_share_recommend=0,优视汽车,6165220499,汽车资讯，用车养车专家，我们从各个角度来解读买车用车知识。,True,2019-01-22 17:59:43,selected
2019年1月21日，省部级主要领导干部坚持底线思维着力防范化解重大风险专题研讨班在中央党校开班。	习近平在讲话中提到“需要有充沛顽强的斗争精神”、“既要打好防范和抵御风险的有准备之战，也要打好化险为夷、转危为机的战略主动战”，并作出一系列部署。,如何打好防范化解重大风险之战，习近平这样部署,"斗争精神,防范化解,习近平,领导干部,省部级",178839,947,0,2019-01-22 16:23:34,http://m.toutiao.com/a6649233923232498180/?iid=1234876543&app=news_article&is_hit_share_recommend=0,央视网新闻,50025817786,央视网原创内容，包含热点解析，精彩图片，说新闻等。,True,2019-01-22 17:59:47,selected
京津冀协同发展战略自2014年开始实施，已经5年了。京津冀三地发生了哪些变化？未来又会给大家带来怎样的惊喜？1月16日至18日，习近平在京津冀考察调研透露了京津冀协同发展重要信号。让我们跟随“习近平的足迹”一探究竟。,习近平的足迹丨京津冀联手共绘新蓝图,"李永升,习近平,中国新华新闻电视网,足迹,京津冀",184906,1055,0,2019-01-21 20:09:33,http://m.toutiao.com/group/6648921074199167495/?iid=1234876543&app=news_article&is_hit_share_recommend=0,新华社客户端,3564799576,新华社客户端依托国家通讯社遍布全球的新闻信息采集网络，全天候发布一手新闻资讯。,True,2019-01-22 17:59:47,selected
美食，家常菜，白菜最好吃的做法，又香又下饭，上桌就抢光,白菜和粉条这样炖，好吃浓香又下饭，大饭店都吃不到,"粉条,白菜,浓香,大饭店,家常菜",16912,224,0,2018-11-01 19:54:49,http://m.toutiao.com/a6618859378554454541/?iid=1234876543&app=news_article&is_hit_share_recommend=0,今天咋吃饭,82700818015,定期分享美味可口的家常饭,True,2019-01-22 17:59:47,selected
昨日是春运第一天，为了让奔波的旅客在归乡途中感受到浓厚的年味儿和祝福，来自包头站的80余名“小蜜蜂”在候车大厅为旅客们带来了一场春运“快闪”活动。,80余名大学生志愿者候车厅玩“快闪” 助力春运送祝福,"包头铁道职业技术学院,候车厅,大学生志愿者,春运,快闪",201,0,0,2019-01-22 16:51:32,http://m.toutiao.com/a6649241129566863875/?iid=1234876543&app=news_article&is_hit_share_recommend=0,中青网教育,5787297357,讲好校园故事，传播教育好声音。,True,2019-01-22 17:59:47,selected
大厨教你做湖南臭桂鱼，鱼肉劲道，闻着臭吃着却有鲜香的味道,大厨教你做湖南臭桂鱼，鱼肉劲道，闻着臭吃着却有鲜香的味道,"鲜香,臭桂鱼,湖南,大厨,鱼肉",23,0,0,2019-01-22 17:17:19,http://m.toutiao.com/a6649247776594985475/?iid=1234876543&app=news_article&is_hit_share_recommend=0,贵州台科教健康频道,108792216956,普及现代科学技术知识，传播现代教育理念，推崇健康文明生活方式,True,2019-01-22 17:59:47,selected
日媒称，日本大阪府警方日前以涉嫌擅自销售医药品、违反《医药品医疗器械法》为由。逮捕了斡裣夭菁邮幸揭┢放发公司“美健销售”社长增谷健一及另一家医药品批发公司的2名中国籍前员工。,日本警方逮捕两名中国人 日媒：未经许可向中国留学生卖药,"斡裣,日本经济新闻,医药品,日本,大阪府,医药品医疗器械法",114130,112,0,2019-01-21 21:17:18,http://m.toutiao.com/group/6648938534323356173/?iid=1234876543&app=news_article&is_hit_share_recommend=0,中国经济网,50502346296,中国经济网，传递有价值的信息,True,2019-01-22 17:59:47,selected
下面要说的这位妹子，就是其中一位到韩国整容的游客↓↓↓今年21岁的Jenny，是一名生活在洛杉矶的亚裔美国人，在之前，她决定前往韩国整容，并且把这趟整容历程全部记录了下来。,她录下自己前往韩国整容的整个过程，这条所谓变美的捷径也不容易,"Jenny,亚裔美国人,妹子,↓ ↓,韩国",175701,329,0,2019-01-22 09:29:46,http://m.toutiao.com/a6649127290103923213/?iid=1234876543&app=news_article&is_hit_share_recommend=0,女刊瘦美人最减肥,5803057329,《女刊瘦美人》创刊12年，减肥读者3亿人，减重累计10亿斤。,True,2019-01-22 17:59:47,selected
土豆新吃法，媳妇在家炒一锅土豆面食，老公减肥一口没吃,土豆新吃法，一蒸一搓，麻辣爽口，媳妇一次一大盘不够吃,大盘,35284,159,0,2019-01-21 19:17:46,http://m.toutiao.com/a6648907731509969421/?iid=1234876543&app=news_article&is_hit_share_recommend=0,小胖在西北,59091192551,淳朴真实的两个西北90后。,True,2019-01-22 17:59:47,selected
小黄瓜咸菜，下饭菜，开胃小菜，小黄瓜咸菜,源子：小黄瓜这样腌出来又脆又香，做法简单，超级下饭,"下饭菜,小黄瓜,下饭",31433,83,0,2019-01-21 18:16:55,http://m.toutiao.com/a6648892049846174212/?iid=1234876543&app=news_article&is_hit_share_recommend=0,农村源子,58908548084,看源子视频，让你感受家的味道,True,2019-01-22 17:59:47,selected
"农村 三农 农业 农民 配方 秘制 简单好吃的炒粉条,筋道美味有营养保证您喜欢，喜欢就请点击关注，收藏 转发 点赞 分享，如果您有什么意见和建议，欢迎在下方评论区留言，大家互相探讨",1把粉条2个鸡蛋，教你懒人做法，5分钟就能出锅，比吃肉还过瘾,"吃肉,农村,粉条,鸡蛋,农业",440170,5300,0,2018-12-04 10:22:11,http://m.toutiao.com/a6630957622688219651/?iid=1234876543&app=news_article&is_hit_share_recommend=0,厨人美食,59163834800,提供健康、绿色美食制作秘籍,True,2019-01-22 17:59:47,selected
女子进网吧厕所 垃圾桶内生下男婴就走了 一点声音都没有发出,女子进网吧厕所 垃圾桶内生下男婴就走了 一点声音都没有发出,"男婴,厕所,垃圾桶",10467,101,0,2019-01-20 18:20:39,http://m.toutiao.com/a6648521925255496200/?iid=1234876543&app=news_article&is_hit_share_recommend=0,江西五套新闻晚高峰,97339476022,江西五套《新闻晚高峰》栏目官方头条号,True,2019-01-22 17:59:47,selected
癌症少女7：顾洁圆梦成人礼，全校师生准备的神秘环节让她感动    顾洁如愿的参加了成人礼，面对全校师生的鼓励她感动得落泪,癌症少女终于实现了心愿！善良的同学们，又将为她带来什么感动？,"少女,成人礼",12,0,0,2019-01-22 17:19:46,http://m.toutiao.com/a6649153265898357256/?iid=1234876543&app=news_article&is_hit_share_recommend=0,BTV生命缘,105269105184,本号选取全国权威性医疗资源和高难病例，记录当事人医学奇迹,True,2019-01-22 17:59:47,selected
因长得太帅曾被公司当成偶像来包装，他的歌是很多人初高中的回忆,因长得太帅曾被公司当成偶像来包装，他的歌是很多人初高中的回忆,偶像,471428,326,0,2019-01-21 19:27:38,http://m.toutiao.com/a6648829253120950797/?iid=1234876543&app=news_article&is_hit_share_recommend=0,万有引荔,64663492329,荔枝台狂热粉 娱乐精彩内容、王牌综艺、精彩剧情、明星独家呈现,True,2019-01-22 17:59:47,selected
1蜂蜜感冒了多半会咳嗽，而蜂蜜有止咳的作用，于是很多人感冒时会喝蜂蜜缓解咳嗽症状。另外，蜂蜜主要通过润肺来达到止咳作用，感冒引起的咳嗽多因外感所致，不宜滋补，最好不要喝蜂蜜。,「提醒」近期流感盛行，这8种食物最好别碰，可能加重病情！,"蜂蜜,预防感冒,粗纤维,辛辣食物,感冒期间",12542,200,0,2019-01-22 15:25:55,http://m.toutiao.com/group/6649219067871756813/?iid=1234876543&app=news_article&is_hit_share_recommend=0,信阳电视网,6170294217,信阳电视网隶属信阳电视台，是信阳电视台唯一的官方资讯网站,False,2019-01-22 17:59:47,selected
2019年春运开启 数亿人上演“超级大迁徙” LMQ,2019年春运开启，春运变化大，引发网友热烈讨论,"春运,大迁徙",132,0,0,2019-01-22 15:59:46,http://m.toutiao.com/group/6649207243843568131/?iid=1234876543&app=news_article&is_hit_share_recommend=0,荔枝新闻,6976474883,第一时间关注江苏新闻现场，揭秘江苏卫视台前幕后。,True,2019-01-22 17:59:47,selected
国家应急管理部今天透露，首批消防员的招录工作近期即将开展，本次计划招3万人，其中面向社会招录1.8万人。,应急管理部：首批消防员招录近期开展，将面向社会招录1.8万人,"义务兵,消防救援,刘克辉,消防员,应急管理部",147133,1240,0,2019-01-22 11:36:25,http://m.toutiao.com/group/6649159926620881411/?iid=1234876543&app=news_article&is_hit_share_recommend=0,界面新闻,52857496566,中国高素质人群聚集的新闻及商业社交客户端，拒绝提供低俗新闻。,True,2019-01-22 17:59:47,selected
“爸爸每天都从吃早饭、起床、睡觉等时间来玩他的宝贝――手机。好像没了手机就活不下去了一样；又像一只饿了三天三夜的恶狼正盯着一块又大又肥的肉一样。,小学生满分作文：只要爸爸放下手机 我愿用生命换,小学生,330,0,0,2019-01-22 16:52:50,http://m.toutiao.com/group/6649241468630204941/?iid=1234876543&app=news_article&is_hit_share_recommend=0,光明网,5806115967,光明网是思想理论文化领域的中央重点新闻网站，媒体融合与创新的引领者。,True,2019-01-22 17:59:47,selected
电动车闯红灯危险重重被车撞，市民用手机录下惊险一幕,电动车闯红灯危险重重被车撞，市民用手机录下惊险一幕,"电动车,红灯",89659,483,0,2018-11-07 23:27:52,http://m.toutiao.com/a6621140792624808452/?iid=1234876543&app=news_article&is_hit_share_recommend=0,要闻集结号,100714561715,云南广电网络台新媒体官方账号,True,2019-01-22 17:59:47,selected
2019年1月21日，省部级主要领导干部坚持底线思维着力防范化解重大风险专题研讨班在中央党校开班。	习近平在讲话中提到“需要有充沛顽强的斗争精神”、“既要打好防范和抵御风险的有准备之战，也要打好化险为夷、转危为机的战略主动战”，并作出一系列部署。,如何打好防范化解重大风险之战，习近平这样部署,"防范化解,习近平,领导干部,省部级,斗争精神",174558,913,0,2019-01-22 16:23:34,http://m.toutiao.com/a6649233923232498180/?iid=1234876543&app=news_article&is_hit_share_recommend=0,央视网新闻,50025817786,央视网原创内容，包含热点解析，精彩图片，说新闻等。,True,2019-01-22 17:59:50,selected
京津冀协同发展战略自2014年开始实施，已经5年了。京津冀三地发生了哪些变化？未来又会给大家带来怎样的惊喜？1月16日至18日，习近平在京津冀考察调研透露了京津冀协同发展重要信号。让我们跟随“习近平的足迹”一探究竟。,习近平的足迹丨京津冀联手共绘新蓝图,"京津冀,李永升,习近平,中国新华新闻电视网,足迹",184906,1055,0,2019-01-21 20:09:33,http://m.toutiao.com/group/6648921074199167495/?iid=1234876543&app=news_article&is_hit_share_recommend=0,新华社客户端,3564799576,新华社客户端依托国家通讯社遍布全球的新闻信息采集网络，全天候发布一手新闻资讯。,True,2019-01-22 17:59:50,selected
女子因网恋未婚生子，男子造举报重婚入狱，出狱后争夺抚养权    女子网恋已婚男怀孕产子，抱着孩上门讨抚养费，男子：结婚证呢     未婚女子网恋已婚男，当第三者还怀孕产子，执迷不悟还自称是爱情    第三者抱孩上门讨说法：50万解决问题，男子怒怼：你生孩就想要钱,女子网恋已婚男怀孕产子，抱着孩上门讨抚养费，男子：结婚证呢,"怀孕,产子,第三者,结婚证,争夺抚养权",650246,3094,0,2019-01-15 18:36:44,http://m.toutiao.com/a6646670644991754760/?iid=1234876543&app=news_article&is_hit_share_recommend=0,金牌百姓调解,108629676353,百姓调解情感调解节目,False,2019-01-22 17:59:50,selected
修车两年未取被转卖后续：店主和车主矛盾再升级，京牌能否要回？,修车两年未取被转卖后续：店主和车主矛盾再升级，京牌能否要回？,店主,75563,60,0,2019-01-15 21:31:46,http://m.toutiao.com/a6646715751816233486/?iid=1234876543&app=news_article&is_hit_share_recommend=0,河北广播电视台,3744343345,好听，好看，好精彩！,True,2019-01-22 17:59:50,selected
传销组织跟警察斗智斗勇，五名A级头目终落网南昌，天网恢恢！,传销组织大清查，300名警察出动，共逮捕多位A级“老总”,"300,南昌,终落网,警察",139375,1890,0,2018-11-22 19:57:48,http://m.toutiao.com/a6626652936543928840/?iid=1234876543&app=news_article&is_hit_share_recommend=0,南昌广播电视台,5784587666,南昌广播电视台成立于2012年5月，由南昌人民广播电台和南昌电视台合并并组建而成。,True,2019-01-22 17:59:50,selected
鸡蛋皮拌菠菜，凉拌菜，烹饪技巧，食谱教程，菜谱，美食，家常菜。,厨师长把鸡蛋和菠菜拌在一起，味道特别鲜美，真正家常凉拌菜,"家常菜,鸡蛋,拌菠菜,厨师长,凉拌菜",694652,19060,0,2018-11-04 09:56:30,http://m.toutiao.com/a6619818450070012429/?iid=1234876543&app=news_article&is_hit_share_recommend=0,第一美食,4243502186,第一美食阿飞：简单粗暴的美食教学，每天都有几道菜供您参考。,True,2019-01-22 17:59:50,selected
盐城：三轮车落水 一人身亡zyf,盐城三轮摩托车落水，驾驶员溺水身亡，事故原因正在调查,"盐城,摩托车",27362,293,0,2019-01-21 12:49:52,http://m.toutiao.com/group/6648776211671548419/?iid=1234876543&app=news_article&is_hit_share_recommend=0,荔枝新闻,6976474883,第一时间关注江苏新闻现场，揭秘江苏卫视台前幕后。,True,2019-01-22 17:59:50,selected
民间流传着不少纵欲过度会“精尽人亡”的说法，到底男人体内的精子是否真的有限呢?其实，无论“精尽人亡”会否发生，纵欲过度本来就是一种自残行为，不要贪图一时的爽快就纵情欢乐，不然只会给自己留下健康的祸根。,男性房事过频有损身体健康？那么，多久一次才算合理呢？,,5206964,85032,0,2018-12-17 10:18:49,http://m.toutiao.com/a6635780864707920397/?iid=1234876543&app=news_article&is_hit_share_recommend=0,橙果医生,4590950031,橙果医生，让我们来告诉您健康该如何来进行科学管理！,True,2019-01-22 17:59:50,selected
枸杞，一种被誉为“中年养生佳品”的网红食品，从干嚼着吃到保温杯泡水饮用。枸杞是一种老少皆宜的小巧零食；正因为如此，关于枸杞存在多种说法，特别是在研究它的功效方面。,每天喝点枸杞茶对身体有何好处？坚持一段时间身体会发生什么变化,"枸杞,类胡萝卜素,吃枸杞,枸杞茶",1128,15,0,2019-01-22 15:12:11,http://m.toutiao.com/a6648955094920331789/?iid=1234876543&app=news_article&is_hit_share_recommend=0,健康养生大学堂,50857902315,阳光健康学堂之健康养生学堂，更新健康科普知识。,True,2019-01-22 17:59:50,selected
黄豆芽炒粉条，厨师长，菜谱，美食，农家菜，烹饪技巧，食谱教程。,厨师长分享“黄豆芽炒粉条”，地道的农家菜，好吃不贵接地气,"农家,黄豆芽,黄豆芽炒粉条,厨师长,炒粉条",424389,7506,0,2018-11-03 16:20:32,http://m.toutiao.com/a6619546328110219780/?iid=1234876543&app=news_article&is_hit_share_recommend=0,第一美食,4243502186,第一美食阿飞：简单粗暴的美食教学，每天都有几道菜供您参考。,True,2019-01-22 17:59:50,selected
,42岁男子娶19岁姑娘为妻，20年后妻子出走，现女儿重病要妈妈,"小盼杰,韩坤良,石家庄,再生障碍性贫血,寻人启事",6773,3,0,2019-01-22 16:04:57,http://m.toutiao.com/a6649229125976326659/?iid=1234876543&app=news_article&is_hit_share_recommend=0,大河乡土,7017965103,以摄影图片展示乡土风情，讲述百姓故事，留驻故土记忆和乡愁。,True,2019-01-22 17:59:50,selected
我们在以习近平同志为核心的党中央坚强领导下，牢固树立“四个意识”，不断增强“四个自信”，坚定落实“两个维护”。,甘肃省委书记林铎给人民网网友拜年,"甘肃省委,甘肃,三大攻坚战,习近平,网民朋友",29194,153,0,2019-01-22 15:31:35,http://m.toutiao.com/group/6649220528668148231/?iid=1234876543&app=news_article&is_hit_share_recommend=0,人民网,50502346173,人民网官方头条号:权威、实力，源自人民,True,2019-01-22 17:59:50,selected
据中国养猪网猪价系统监测全国外三元均价为12.03元/公斤，较昨日下跌0.29元/公斤，较上周下跌1.34元/公斤，涨幅维持在0.01-0.16元/公斤，跌幅维持在0.02-0.77元/公斤。,今日猪价――2019年1月22日最新生猪价格报价,"猪价,养猪,猪价系统,生猪价格呈现,生猪价格",8615,4,0,2019-01-22 09:06:50,http://m.toutiao.com/a6649121381214585347/?iid=1234876543&app=news_article&is_hit_share_recommend=0,中国养猪网,4303205581,中国养猪网是知名养猪行业门户网站.,False,2019-01-22 17:59:50,selected
年关将至，随着一个又一个外出“闯世界”的年轻人归来，岷县大山深处的秦许乡大族沟村人气渐渐旺了，也热闹了起来。,俩亲家拒彩礼记,"甘肃,亲家,彩礼,老康,媒人",6382,8,0,2019-01-22 13:45:36,http://m.toutiao.com/group/6649193217965163021/?iid=1234876543&app=news_article&is_hit_share_recommend=0,每日甘肃网,4389863571,全国重点新闻网站，甘肃第一网络媒体。,True,2019-01-22 17:59:50,selected
沙特联军遭到胡赛伏击，分队一秒内被全歼！,沙特联军遭到胡赛伏击，分队一秒内被全歼！视频记录作战全过程,"胡赛,联军,分队,视频",1956947,1524,0,2018-11-26 04:19:00,http://m.toutiao.com/a6627802565624988163/?iid=1234876543&app=news_article&is_hit_share_recommend=0,环球要闻博览,96455432163,国内外社会事件新闻、视频节目,True,2019-01-22 17:59:50,selected
天冷了，娟子教你做白菜猪肉炖粉条，吃了心里暖暖的，上桌连汤汁都不剩，喜欢的话你也可以试一下,天冷了，娟子教你做白菜猪肉炖粉条，暖身暖胃，上桌连汤汁都不剩,"娟子,粉条,上桌,白菜,暖胃",590495,19702,0,2018-11-08 19:14:08,http://m.toutiao.com/a6621446489686163982/?iid=1234876543&app=news_article&is_hit_share_recommend=0,娟子美食,81281382754,真实的河南农村生活，美食，美景,True,2019-01-22 17:59:50,selected
1碗面粉，2个鸡蛋，教你做北方过年必备的小零食，手工炸麻花，嘎嘣脆的麻花能吃半个月，学会过年不用买了，喜欢的话记得收藏哦！,1碗面粉，2个鸡蛋，炸了两锅小麻花，香甜酥脆，学会过年不用买了,"鸡蛋,麻花,面粉",23502,773,0,2019-01-21 22:13:40,http://m.toutiao.com/a6648953058422161928/?iid=1234876543&app=news_article&is_hit_share_recommend=0,娟子美食,81281382754,真实的河南农村生活，美食，美景,True,2019-01-22 17:59:50,selected
栈桥故事会：《诛心劫》（上）03,“女间谍”动了真情，痴情男来者不拒准备离婚,"女间谍,故事会,诛心劫",24074,8,0,2018-11-24 11:48:17,http://m.toutiao.com/a6622825327146041864/?iid=1234876543&app=news_article&is_hit_share_recommend=0,蓝睛,52695938217,青岛市广播电视台的官方融媒体（视音频新闻首发）发布平台。,True,2019-01-22 17:59:50,selected
2019年1月21日，省部级主要领导干部坚持底线思维着力防范化解重大风险专题研讨班在中央党校开班。	习近平在讲话中提到“需要有充沛顽强的斗争精神”、“既要打好防范和抵御风险的有准备之战，也要打好化险为夷、转危为机的战略主动战”，并作出一系列部署。,如何打好防范化解重大风险之战，习近平这样部署,"防范化解,习近平,领导干部,省部级,斗争精神",172465,907,0,2019-01-22 16:23:34,http://m.toutiao.com/a6649233923232498180/?iid=1234876543&app=news_article&is_hit_share_recommend=0,央视网新闻,50025817786,央视网原创内容，包含热点解析，精彩图片，说新闻等。,True,2019-01-22 17:59:54,selected
京津冀协同发展战略自2014年开始实施，已经5年了。京津冀三地发生了哪些变化？未来又会给大家带来怎样的惊喜？1月16日至18日，习近平在京津冀考察调研透露了京津冀协同发展重要信号。让我们跟随“习近平的足迹”一探究竟。,习近平的足迹丨京津冀联手共绘新蓝图,"京津冀,李永升,习近平,中国新华新闻电视网,足迹",184906,1055,0,2019-01-21 20:09:33,http://m.toutiao.com/group/6648921074199167495/?iid=1234876543&app=news_article&is_hit_share_recommend=0,新华社客户端,3564799576,新华社客户端依托国家通讯社遍布全球的新闻信息采集网络，全天候发布一手新闻资讯。,True,2019-01-22 17:59:54,selected
两个孩子他爸 不幸遇害 妻子泣不成声 女儿的一句话 妻子却被抓,丈夫遭人锤杀 警方介入调查 女儿无意中的话 将妻子送入监狱,,135,0,0,2019-01-22 16:54:26,http://m.toutiao.com/a6649180681416999431/?iid=1234876543&app=news_article&is_hit_share_recommend=0,青海电视台经视法案,101244686058,青海省第一档电视法制类专栏节目。,True,2019-01-22 17:59:54,selected
最近流感高发，希望每个看完这篇文章的人，都能认识道“流感不是普通感冒”，但愿这样的悲剧不再发生。13天前，流感被错误当成“受凉”抢救室里，她的生命体征在逐渐消失。,从发热到死亡仅13天！医生：这个悲剧为所有人敲响警钟！,"输液,咳痰,疫苗,流感,患者",376,7,0,2019-01-22 17:16:43,http://m.toutiao.com/group/6649247622072631822/?iid=1234876543&app=news_article&is_hit_share_recommend=0,成都晚报,5950542483,1956年创刊，西部最具影响力媒体之一。知成都，观天下。,True,2019-01-22 17:59:54,selected
八妹特地请来杭州交警帮大家弄清楚“副页”的那些事。档案编号通常是12位数字连成的串码，其中前2位为该驾驶证的省份代码；第3~4位为该驾驶证的地市代码；后8位为该驾驶证的顺序编号，由各地车管所自行划分号段。,全国交警提醒：这张纸不能丢，否则驾照无效！,"档案编号,驾驶证,考试,车管所,实习期",418,1,0,2019-01-22 16:59:36,http://m.toutiao.com/a6649243210579182093/?iid=1234876543&app=news_article&article_category=automobile&is_hit_share_recommend=0,山东高速交警沂源大队,6009838668,山东高速交警二支队沂源大队官方信息发布平台,True,2019-01-22 17:59:54,selected
0122有一头条粉丝合影,央视文联春晚，人民大会堂惊现一场闹剧！,"人民大会堂,文联,春晚",443,0,0,2019-01-22 17:14:42,http://m.toutiao.com/a6649247101039411715/?iid=1234876543&app=news_article&is_hit_share_recommend=0,橙色影视,54002080772,橙色影视快乐的味道，传播娱乐、生活、趣闻、情感短视频,False,2019-01-22 17:59:54,selected
Hi~大家好，这个蠢萌蠢萌的小家伙就是火箭军本军犬宝宝啦！因为一出生全身毛发黝黑，我的“爸爸”就给我取名“小黑”。从军犬萌宝宝变成一名训练有素、勇猛无敌的军犬，经历了怎样的过程呢？快来看小黑的成长日记吧！,军犬宝宝“小黑”的成长日记,"军犬,小黑",278830,2016,0,2018-10-31 18:25:25,http://m.toutiao.com/a6618465256727380484/?iid=1234876543&app=news_article&is_hit_share_recommend=0,央视军事,51154168122,中央电视台军事节目中心官方发布平台,True,2019-01-22 17:59:54,selected
因为我们也都是会知道这些色盲朋友在路面上行驶或者是开车各个方面，如果看到红绿灯的话根本分不清楚。但是如果这些人他们想要去考驾照的话，根本都是通不过的，毕竟在路面上有很多的红绿灯，自己在开车，连红绿灯都看不清，怎么让自己的生命有一定的保障呢。,想去考驾照？如果看不出这4张“色盲色测试图”，说明和开车无缘,"色盲测试,大熊猫,考驾照,测试图,色盲测试图",24103,31,0,2019-01-22 14:56:27,http://m.toutiao.com/group/6649211476391232013/?iid=1234876543&app=news_article&article_category=automobile&is_hit_share_recommend=0,摩托车之家,6306166476,摩托车之家官方号，看车、用车、玩车，精准车资讯分享，欢迎关注,True,2019-01-22 17:59:54,selected
凤凰传奇合作十年为何始终没有在一起？,凤凰传奇合作十年为何没有在一起？玲花说都是因为曾毅太“抠门”,"曾毅太,玲花,凤凰传奇",160566,93,0,2019-01-21 17:21:27,http://m.toutiao.com/a6648877757268754952/?iid=1234876543&app=news_article&is_hit_share_recommend=0,安徽卫视非常静距离,98863602677,安徽卫视打造的金牌娱乐访谈节目,True,2019-01-22 17:59:54,selected
都市爱情精品剧《遇见王沥川》，深爱难得，为爱落泪！,都市爱情精品剧《遇见王沥川》09,遇见王沥川,1,0,0,2019-01-22 17:23:32,http://m.toutiao.com/a6649035651289186820/?iid=1234876543&app=news_article&is_hit_share_recommend=0,海豚资讯,101820603319,安徽卫视新媒体官方账号,True,2019-01-22 17:59:54,selected
在上午10点左右路经美丽华商场时，被一扇突然从酒店高处坠下的玻璃窗击中，头部受重创倒地昏迷，随后被送医院抢救。,24岁佛山女游客在香港被高空飞坠铝窗击中！警方拘清洁工……,"简易程序治罪条例,急症室,佛山,美丽华,警方,美丽华酒店",19498,167,0,2019-01-22 12:50:28,http://m.toutiao.com/a6649179007394775559/?iid=1234876543&app=news_article&is_hit_share_recommend=0,畅驾佛山,50657998137,佛山电台FM92.4官方客户端――畅驾,False,2019-01-22 17:59:54,selected
1月21日迎来2019年第一个月圆之夜，新年首次“超级月亮”现身天宇。巧合的是，当日还发生一场“月全食”奇观。因此，这一天的月亮也被称为“超级红月亮”。1月20日在美国洛杉矶拍摄的“超级红月亮”。新华社记者 李颖 摄1月21日在美国首都华盛顿拍摄的“超级红月亮”。,“超级月亮”正赶往中国，马上就到！,"超级月亮,新华社记者,记者,超级红月亮,月全食",49198,90,0,2019-01-22 08:57:32,http://m.toutiao.com/group/6649118984085979662/?iid=1234876543&app=news_article&is_hit_share_recommend=0,闪电新闻,51050126444,闪电新闻，先声夺人。山东广播电视台倾力打造的融媒体客户端。,True,2019-01-22 17:59:54,selected
厦门一小伙连续熬夜后，竟然长出了“尾巴”，着实让身边人吓一跳。连续熬夜，厦门一大学生骶尾部长“毛”和很多年轻人一样，22岁的在校大学生小陈也喜欢熬夜，谁知道因为熬夜开始了一场噩梦。,吓人！大学生连续熬夜 臀部开口有4厘米深 长出“毛尾巴”,"熬夜,藏毛窦,大学生,臀部,骶尾部臀裂处",19,0,0,2019-01-22 15:53:37,http://m.toutiao.com/a6649226133449474574/?iid=1234876543&app=news_article&is_hit_share_recommend=0,江西都市现场,6256850728,江西广播电视台都市频道都市现场头条号,True,2019-01-22 17:59:54,selected
即日起，省市场监督管理局、省公安厅、省民政厅等13个部门将在全省范围内集中开展为期100天的联合整治“保健”市场乱象百日行动，重点对容易发生“保健”市场推销活动的社区、公园等人员密集场所进行检查，并对假借健康讲座、专家义诊、免费检查等形式，向老年、病弱等特定消费群体作虚假或者引人,陕西省多部门联合开展调查整治“保健”市场乱象百日行动,"保健,陕西省,互联网,保健食品,治愈率",56,2,0,2019-01-22 14:42:14,http://m.toutiao.com/a6649207812037542404/?iid=1234876543&app=news_article&is_hit_share_recommend=0,陕西1频道,6973812638,陕西1频道官方头条账号，绕不开的此地人，此地事~,True,2019-01-22 17:59:54,selected
,这是我见过的最佛系的受害者！自己选的走位，哭死也要走完,,543464,1220,0,2018-11-20 12:02:21,http://m.toutiao.com/group/6625788244141277704/?iid=1234876543&app=news_article&is_hit_share_recommend=0,芒果TV,3242857696,湖南广电旗下唯一视频网站，最全最新芒果快乐独家送达。芒果TV，看见好时光！,True,2019-01-22 17:59:54,selected
当初装修房子的时候正好看到了邻居家的师傅在贴瓷砖，发现下面留空了一排空间。师傅说随着施工技术的不断改善，现在越来越多人卫生间贴瓷砖的时候都喜欢采用墙砖压地砖施工工艺。,卫生间贴瓷砖师傅留空一排，开始认为是偷工，问完马上买包烟,"瓷砖,贴墙砖,贴瓷砖,卫生间,墙面砖",90876,107,0,2019-01-22 09:00:53,http://m.toutiao.com/group/6649119847093371400/?iid=1234876543&app=news_article&is_hit_share_recommend=0,房天下资讯,3365711366,房天下提供行业动态、房产资讯，为您开启一站式购房服务！,False,2019-01-22 17:59:54,selected
妹妹发现姐姐身上有针眼，姐姐解释说是注射，调查竟发现她在卖卵,妹妹发现姐姐身上有针眼，姐姐解释说是注射，调查竟发现她在卖卵,"姐姐,针眼,妹妹",201748,1059,0,2019-01-21 14:25:50,http://m.toutiao.com/a6648832501491958280/?iid=1234876543&app=news_article&is_hit_share_recommend=0,辣TV,6393441448,辣TV，给生活加点料。,True,2019-01-22 17:59:54,selected
熊孩子不停的挑衅大公鸡，最后大公鸡一记反击真是大快人心！,熊孩子不停的挑衅大公鸡，大公鸡一个反击：让你见识一下我的厉害,"大公鸡,熊孩子",621423,807,0,2018-11-21 17:23:06,http://m.toutiao.com/a6626241986871443982/?iid=1234876543&app=news_article&is_hit_share_recommend=0,乌龟动物,67399130366,专注动物领域，分享最有趣的动物原创视频！,False,2019-01-22 17:59:54,selected
2019年1月21日，省部级主要领导干部坚持底线思维着力防范化解重大风险专题研讨班在中央党校开班。	习近平在讲话中提到“需要有充沛顽强的斗争精神”、“既要打好防范和抵御风险的有准备之战，也要打好化险为夷、转危为机的战略主动战”，并作出一系列部署。,如何打好防范化解重大风险之战，习近平这样部署,"斗争精神,防范化解,习近平,领导干部,省部级",174558,913,0,2019-01-22 16:23:34,http://m.toutiao.com/a6649233923232498180/?iid=1234876543&app=news_article&is_hit_share_recommend=0,央视网新闻,50025817786,央视网原创内容，包含热点解析，精彩图片，说新闻等。,True,2019-01-22 17:59:57,selected
京津冀协同发展战略自2014年开始实施，已经5年了。京津冀三地发生了哪些变化？未来又会给大家带来怎样的惊喜？1月16日至18日，习近平在京津冀考察调研透露了京津冀协同发展重要信号。让我们跟随“习近平的足迹”一探究竟。,习近平的足迹丨京津冀联手共绘新蓝图,"李永升,习近平,中国新华新闻电视网,足迹,京津冀",184906,1055,0,2019-01-21 20:09:33,http://m.toutiao.com/group/6648921074199167495/?iid=1234876543&app=news_article&is_hit_share_recommend=0,新华社客户端,3564799576,新华社客户端依托国家通讯社遍布全球的新闻信息采集网络，全天候发布一手新闻资讯。,True,2019-01-22 17:59:57,selected
排骨最新吃法，比糖醋排骨简单，比红烧的更美味，看着就特别解馋，鲜香爽口，喜欢就赶紧去试试吧，农业，农村，农民，川菜，美食,排骨不要只会红烧了，这样做不炸，不烧，不蒸，非常香还特别解馋,"川菜,农业,糖醋排骨,排骨,农村",89003,674,0,2019-01-09 15:03:53,http://m.toutiao.com/a6644134980513432077/?iid=1234876543&app=news_article&is_hit_share_recommend=0,最美家常菜,87797067085,家的味道就是简单的家常菜，让家人天天爱上回家吃饭,True,2019-01-22 17:59:57,selected
替大家整理了一份小攻略：①快递：暂时不接腊肉香肠快递业务；②机场：坐飞机仍可带香肠腊肉；③铁路：可带腊肉香肠坐火车；④高速。,腊肉香肠可不可以携带、邮寄到外地？答案来了！,"腊肉香肠,香肠,腊肉,猪肉",6422,21,0,2019-01-22 09:36:22,http://m.toutiao.com/group/6649128991628198407/?iid=1234876543&app=news_article&is_hit_share_recommend=0,光明网,5806115967,光明网是思想理论文化领域的中央重点新闻网站，媒体融合与创新的引领者。,True,2019-01-22 17:59:57,selected
2018年6月，伙同他人以开通证券新三板账户，需要垫资为名，骗取杭州卓越风云实业有限公司垫资款107万元，随后潜逃。,北京站春运首日 一网逃被抓获,"北京站,杭州,吉林省,伙同他人",135223,54,0,2019-01-21 19:23:56,http://m.toutiao.com/group/6648909317724439047/?iid=1234876543&app=news_article&is_hit_share_recommend=0,北青网,52255723016,北京青年报-北青网，国内具有影响力的综合性新闻门户网站。,True,2019-01-22 17:59:57,selected
金庸塑造了许多英雄人物，他们大多身世坎坷，或者命运多舛，总是在历经磨难之后奋发图强，最后逆袭成为一个名动天下的江湖豪杰。,他是金庸笔下逼格最高的男子，一世深情只给一个人,"冯蘅,黑风双煞,梅超风,射雕英雄传,周伯通,黄药师,曲灵风,九阴真经",209421,597,0,2019-01-06 21:14:00,http://m.toutiao.com/a6642908505772655117/?iid=1234876543&app=news_article&is_hit_share_recommend=0,男神女神深度八卦,77994116910,男神女神背后的故事，我来讲给你们听,True,2019-01-22 17:59:57,selected
近日，民警在化工路上拦截下了一辆面包车。这辆车号牌的尾端套着一只手套，将号牌尾号遮了起来。,为躲限行给车牌“戴手套” 客车载货忽视安全,"司机,车牌",0,0,0,2019-01-22 17:43:24,http://m.toutiao.com/a6649254498323661316/?iid=1234876543&app=news_article&is_hit_share_recommend=0,BTV新闻,5577050366,四九城消息包打听，北京大小新鲜事儿，听我到来！突发新闻、重大民生政策，看我呈现！,True,2019-01-22 17:59:57,selected
1月21日上午，海南省六届人大常委会第九次会议决定免去吕勇的海南省商务厅厅长职务，决定任命陈希为海南省商务厅厅长。,在上海工作20年，陈希成海南最年轻厅长,"海南,自由贸易试验区,海南省,陈希,上海市浦东新区",6826,15,0,2019-01-22 16:46:50,http://m.toutiao.com/a6649239918155399694/?iid=1234876543&app=news_article&is_hit_share_recommend=0,新京报政事儿,4644596221,新京报时政新闻部出品，聚焦大时政背后的小细节，解读时事现象背后的逻辑。,True,2019-01-22 17:59:57,selected
安徽大雾天气地面结冰，大桥上20多辆车相撞，数辆车燃起熊熊大火zr,安徽一大桥上20多辆车相撞，多辆车燃起熊熊大火，现场惨不忍睹,"大桥上,安徽,熊熊大火",319508,784,0,2019-01-16 16:39:54,http://m.toutiao.com/a6647011621451334157/?iid=1234876543&app=news_article&is_hit_share_recommend=0,冰视频,83818541082,资讯短视频与新闻时评的媒体开放平台,True,2019-01-22 17:59:57,selected
演员胡军做客头条娱乐，在看似冷峻的外表下，他却有着超乎常人的温情和暖意。面对服装，他可以细腻地当起“裁缝”，面对家人，他可以温柔像一只“绵羊”，作为一个有丰富表演经验的演员，胡军坦言话剧舞台是自己从未放弃的初心。,专访胡军丨真硬汉有才华 28年后再演哈姆雷特 揭秘家庭幸福秘诀,"胡军,哈姆雷特,演员,硬汉",185613,484,0,2018-11-12 20:27:05,http://m.toutiao.com/a6622949630487314947/?iid=1234876543&app=news_article&is_hit_share_recommend=0,头条娱乐,50266509125,有趣又严肃，娱乐有态度。,True,2019-01-22 17:59:57,selected
东吴探店：红烧猪脚，卤猪脚，红烧猪蹄，猪蹄，卤肉，小吃，探店。,最任性餐馆，只有5道菜，不能点餐，吃什么店家定，顾客天天爆满,"红烧猪脚,道菜,店家,卤猪脚,餐馆",231941,512,0,2019-01-15 22:15:27,http://m.toutiao.com/a6646727008539640323/?iid=1234876543&app=news_article&is_hit_share_recommend=0,东吴,57901426685,只为美食较真，天天更新的原创美食视频！,True,2019-01-22 17:59:57,selected
十男生地铁上当众脱裤，众大妈一脸懵圈！你们这是闹哪出？,十男生地铁上当众脱裤，众大妈一脸懵圈！你们这是闹哪出？,"大妈,男生,地铁,懵圈",171316,482,0,2019-01-21 20:15:28,http://m.toutiao.com/a6648922597964644872/?iid=1234876543&app=news_article&is_hit_share_recommend=0,微观视讯,100042312698,有热度、深度的新闻故事,True,2019-01-22 17:59:57,selected
厨师长教你做白菜粉条肉，吃米饭有这一个菜就够了，越吃越想吃,这样做的白菜粉条肉太好吃了，肉香四溢，全家超喜欢,"肉香,白菜,粉条",106011,1402,0,2018-12-03 19:08:33,http://m.toutiao.com/a6630722179543597576/?iid=1234876543&app=news_article&is_hit_share_recommend=0,乐酷美食,81357973482,专注优质原创视频内容，欢迎订阅。,True,2019-01-22 17:59:57,selected
爆笑小品《我的路》，沈腾想当演员：来钱快好掌握，挤眉弄眼就行hp,爆笑小品《我的路》，沈腾想当演员：来钱快好掌握，挤眉弄眼就行,"我的路,挤眉弄眼,沈腾,演员,小品",276305,401,0,2019-01-02 13:37:28,http://m.toutiao.com/a6641769418017735176/?iid=1234876543&app=news_article&is_hit_share_recommend=0,吉林卫视官方号,62121706627,情动中国吉林卫视，吉林卫视头条官方账号,True,2019-01-22 17:59:57,selected
社保不单单是我们基本生活的保障，甚至在一些地区买房买车落户都离不开社保，可见社保一旦断缴对于个人来说会有很大的影响。时至2019年，今年的社保政策又有了新变化，且一同来看看今年应该如何进行社保的补缴。,2019年社保断缴要如何补缴？,"中华人民共和国社会保险法,补缴,自由职业,社保,社会保险费,滞纳金",19624,112,0,2019-01-16 17:37:54,http://m.toutiao.com/a6647026570282140167/?iid=1234876543&app=news_article&is_hit_share_recommend=0,至诚财经门户网,6801690575,至诚财经门户网为用户提供国内外财经新闻资讯平台。,False,2019-01-22 17:59:57,selected
红烧肉做的好，再肥也不会吃腻，反而可以因为它的肉味鲜美而一口一块儿吃的甚欢。但要做出色泽红亮、肥而不腻、入口即化的红烧肉，还是需要厨艺及经验的。,做红烧肉，要想色泽红亮肥而不腻，这些小窍门一定要知道,"做红烧肉,五花肉,冰糖,焦糖色,炒糖色",57982,1652,0,2018-12-26 21:10:34,http://m.toutiao.com/a6639284141982482957/?iid=1234876543&app=news_article&is_hit_share_recommend=0,静默成诗,5964562210,自媒体美食专栏作者，美食撰稿人，只做美食原创。,True,2019-01-22 17:59:57,selected
孩子太高要补票？ 你看看这头发去掉 就没超！,孩子太高要补票？你看看这头发去掉 就没超！,补票,558614,513,0,2019-01-21 17:09:00,http://m.toutiao.com/a6648874548181598727/?iid=1234876543&app=news_article&is_hit_share_recommend=0,双双视界,74423671034,双双每天见，各种有趣有料的视频，希望大家喜欢！,True,2019-01-22 17:59:57,selected
2019年1月21日，省部级主要领导干部坚持底线思维着力防范化解重大风险专题研讨班在中央党校开班。	习近平在讲话中提到“需要有充沛顽强的斗争精神”、“既要打好防范和抵御风险的有准备之战，也要打好化险为夷、转危为机的战略主动战”，并作出一系列部署。,如何打好防范化解重大风险之战，习近平这样部署,"斗争精神,防范化解,习近平,领导干部,省部级",174558,913,0,2019-01-22 16:23:34,http://m.toutiao.com/a6649233923232498180/?iid=1234876543&app=news_article&is_hit_share_recommend=0,央视网新闻,50025817786,央视网原创内容，包含热点解析，精彩图片，说新闻等。,True,2019-01-22 18:00:01,selected
京津冀协同发展战略自2014年开始实施，已经5年了。京津冀三地发生了哪些变化？未来又会给大家带来怎样的惊喜？1月16日至18日，习近平在京津冀考察调研透露了京津冀协同发展重要信号。让我们跟随“习近平的足迹”一探究竟。,习近平的足迹丨京津冀联手共绘新蓝图,"李永升,习近平,中国新华新闻电视网,足迹,京津冀",184906,1055,0,2019-01-21 20:09:33,http://m.toutiao.com/group/6648921074199167495/?iid=1234876543&app=news_article&is_hit_share_recommend=0,新华社客户端,3564799576,新华社客户端依托国家通讯社遍布全球的新闻信息采集网络，全天候发布一手新闻资讯。,True,2019-01-22 18:00:01,selected
作者：刘承佑；图片来自网络阿富汗号称“帝国的坟场”，先后埋葬了大英帝国、苏联帝国，如今也将美利坚帝国卷入其中。,卡车满载炸弹冲进军营！轰的一声响后，120余军人当场炸死,"汽车炸弹,阿富汗,军事基地,塔利班武装,政府军",191307,68,0,2019-01-22 10:36:44,http://m.toutiao.com/a6649144547441902083/?iid=1234876543&app=news_article&is_hit_share_recommend=0,大国策,6579355426,品读有温度、有思想、有内涵、有硬度文章,True,2019-01-22 18:00:01,selected
1月22日下午，记者从济南市地震局网站了解到，根据济南市地震台网测定。2019年01月21日21时52分在济南市天桥区发生M0.4级地震，震源深度16公里。,济南天桥区发生0.4级“无感”地震，地震局：无需恐慌,"天桥区,地震,地震局,济南,震源深度",5013,100,0,2019-01-22 16:38:21,http://m.toutiao.com/group/6649237732419699203/?iid=1234876543&app=news_article&is_hit_share_recommend=0,齐鲁壹点,52308248531,由齐鲁晚报旗下山东日新传媒有限责任公司自主研发并独立运营。,True,2019-01-22 18:00:01,selected
毕竟你开车开的好好的，有人撞向你，这自然不是你的错，可是就有车主遇上这样的情况，看到前面的车突然变道，后车只能躲避，没想到撞上了对面的车，交警提示：这点不记住，只能自认倒霉。,为啥前车突然变道，后车躲避还要负责，交警：记不住这点注定吃亏,"遵守规则,后车,变道",29112,95,0,2019-01-22 10:09:45,http://m.toutiao.com/group/6649137591905944077/?iid=1234876543&app=news_article&article_category=automobile&is_hit_share_recommend=0,光明网,5806115967,光明网是思想理论文化领域的中央重点新闻网站，媒体融合与创新的引领者。,True,2019-01-22 18:00:01,selected
岳云鹏问沈腾敏感问题，沈腾回答气坏岳云鹏，这答案也是没毛病hp,岳云鹏当捧哏被气疯，大骂沈腾不要脸，这算不算带上自己了,"沈腾,岳云鹏",776284,1292,0,2018-12-14 15:11:38,http://m.toutiao.com/a6634743063933616643/?iid=1234876543&app=news_article&is_hit_share_recommend=0,吉林卫视官方号,62121706627,情动中国吉林卫视，吉林卫视头条官方账号,True,2019-01-22 18:00:01,selected
咳嗽分类：风寒咳嗽 风热咳嗽。风寒咳嗽可以食用红糖生姜茶、大蒜水、花椒冰糖雪梨汤治疗咳嗽。风热咳嗽可以食用冰糖雪梨与川贝两者一同蒸煮。,总是咳嗽，三个食物能快速止咳，你不得不吃,"风寒,冰糖雪梨,风热,咳嗽",302614,9511,0,2018-11-22 16:32:24,http://m.toutiao.com/a6626600005723488772/?iid=1234876543&app=news_article&is_hit_share_recommend=0,三甲医生说,103150431101,提供权威医疗科普知识，就为健康而来！,True,2019-01-22 18:00:01,selected
出售了她在悉尼的顶层豪华公寓，损失数百万澳元。澳洲房产的新买家为酒店巨头拉米・阿瑙特和其妻子纳蒂亚。,章泽天亏损千万元卖出刘强东送给自己的礼物；顺丰春节无休接单,"刘强东,万澳元,顺丰速运,章泽天,中研网",158429,8,0,2019-01-22 15:17:17,http://m.toutiao.com/a6649216843879809544/?iid=1234876543&app=news_article&is_hit_share_recommend=0,中研网,5579341652,中研网是中国最大行业研究中心，专注国内外最新行业及财经动态。,False,2019-01-22 18:00:01,selected
1985年到1990年间，邓坚热衷于为初生几岁的女儿邓婆纳闵活照，以记录她成长中的美好瞬间。邓坚没有想到，这些曾被悉心保存的底片能得到如此之多的喜爱，也没有想到照片中的小女孩如今也同当年的自己一样，对摄影着了迷。,真没想到三十年后，还有那么多人喜欢你呢,"邓坚,,小时候,大众摄影,底片,照相机,摄影",1505122,736,0,2019-01-16 17:05:28,http://m.toutiao.com/a6646996204502647304/?iid=1234876543&app=news_article&is_hit_share_recommend=0,大众摄影,56833151588,《大众摄影》头条号，一个有故事的摄影公号。,True,2019-01-22 18:00:01,selected
大家相比还记得《灵魂摆渡・黄泉》这部剧，剧中最后一任孟婆三七大婚的时候的妆容可真是极美的。这个妆容突出了她清冷的气质，真的是太美了呀版权声明：如涉及版权问题，请作者持权属证明与本网联。,杨幂：我扶摇妆最美，赵丽颖：我妖神妆最美，李沁：看看我再说,"杨幂,灵魂摆渡・黄泉,古装剧,花千骨,扶摇,李沁,赵丽颖,灵魂摆渡",91927,9,0,2019-01-22 09:03:46,http://m.toutiao.com/group/6649120588465963523/?iid=1234876543&app=news_article&is_hit_share_recommend=0,光明网,5806115967,光明网是思想理论文化领域的中央重点新闻网站，媒体融合与创新的引领者。,True,2019-01-22 18:00:01,selected
但是，针对戒烟这种百利无一害的事情，还是有人会提出这样的质疑：长时间抽烟或烟龄超过10年的人，突然戒烟对身体不会有害吗。,烟龄长，突然戒烟会有3个坏处？医生笑道：这都是好事情,"烟龄长,尼古丁,吸烟者,烟草,多巴胺",19601,89,0,2019-01-22 10:58:48,http://m.toutiao.com/a6649150234645496327/?iid=1234876543&app=news_article&is_hit_share_recommend=0,医联媒体,80307623503,三甲医院专家与媒体人联合为公立医院医生打造的自媒体联盟。,True,2019-01-22 18:00:01,selected
根据省人力资源和社会保障厅关于对各评审委员会评审通过人员试行异议期的规定，决定自2019年1月22日至2019年2月4日对评审通过人员实行异议期公示。,山东省中小学教师职称评审通过人员公示，看看都有谁,"异议期,山东省,山东省教育厅,职称,小学教师",58757,357,0,2019-01-22 13:41:12,http://m.toutiao.com/group/6649192082176999944/?iid=1234876543&app=news_article&is_hit_share_recommend=0,海报新闻客户端,107958836060,速度 深度 温度！大众报业集团主办，山东省互联网传媒集团运作,False,2019-01-22 18:00:01,selected
苦瓜炒鸡蛋，厨师长，家常菜，美食，菜谱，烹饪技巧。,厨师长分享“苦瓜炒鸡蛋”的做法，苦瓜微苦色泽翠绿，需要技巧,"厨师长,苦瓜,苦瓜炒鸡蛋,家常菜,色泽",110659,2120,0,2018-11-22 14:02:24,http://m.toutiao.com/a6626561351575667213/?iid=1234876543&app=news_article&is_hit_share_recommend=0,第一美食,4243502186,第一美食阿飞：简单粗暴的美食教学，每天都有几道菜供您参考。,True,2019-01-22 18:00:01,selected
新华网2016年，中科院南京地质古生物所副研究员傅强在南京周边考察时，意外看见了这块石头，立刻被它“壮观”的外表吸引住了。,世界最古老的花朵，在中国发现了！,"南京花,大连,古莲子,普兰店,古莲",104673,649,0,2019-01-16 10:11:32,http://m.toutiao.com/a6646911543046832654/?iid=1234876543&app=news_article&is_hit_share_recommend=0,广西卫视收藏马未都,62647908570,"文化学者马未都主讲的文化类节目,每周六21:40广西卫视播出。",True,2019-01-22 18:00:01,selected
安徽好人：小伙冬泳出意外，爱心接力救一命,安徽好人：小伙冬泳出意外，爱心接力救一命,"安徽,好人",25971,386,0,2019-01-19 07:25:05,http://m.toutiao.com/a6647981902844133891/?iid=1234876543&app=news_article&is_hit_share_recommend=0,新安视讯,101854538325,安徽卫视新媒体官方账号,True,2019-01-22 18:00:01,selected
香港尖沙嘴弥敦道美丽华酒店21日早上有玻璃窗坠下，击中一名从广东佛山赴港旅游的24岁内地女子。她昏迷被送院抢救，至中午不治身亡。,内地游客遭香港一酒店玻璃窗砸中身亡，清洁工被捕,"弥敦道,陈家莹,玻璃窗,美丽华酒店,香港",148793,367,0,2019-01-21 20:02:25,http://m.toutiao.com/group/6648919235890250247/?iid=1234876543&app=news_article&is_hit_share_recommend=0,人民日报,104246645773,参与、沟通、记录时代。,True,2019-01-22 18:00:01,selected
星岛日报资料图中新网多伦多1月21日电当地时间1月20日凌晨，加拿大大多伦多地区万锦市的一间中餐厅遭遇劫匪抢劫。餐厅老板与员工驱车追赶并最终逼停劫匪，生擒其中一名贼人。,活该！加拿大中餐馆遭抢劫，劫匪被老板生擒直说sorry,"中餐厅,餐馆人员,大多伦多地区,万锦市,劫匪",122930,106,0,2019-01-22 10:18:54,http://m.toutiao.com/group/6649139949561971207/?iid=1234876543&app=news_article&is_hit_share_recommend=0,海外网,3242684112,人民日报海外版官方网站,True,2019-01-22 18:00:01,selected
2019年1月21日，省部级主要领导干部坚持底线思维着力防范化解重大风险专题研讨班在中央党校开班。	习近平在讲话中提到“需要有充沛顽强的斗争精神”、“既要打好防范和抵御风险的有准备之战，也要打好化险为夷、转危为机的战略主动战”，并作出一系列部署。,如何打好防范化解重大风险之战，习近平这样部署,"斗争精神,防范化解,习近平,领导干部,省部级",174558,913,0,2019-01-22 16:23:34,http://m.toutiao.com/a6649233923232498180/?iid=1234876543&app=news_article&is_hit_share_recommend=0,央视网新闻,50025817786,央视网原创内容，包含热点解析，精彩图片，说新闻等。,True,2019-01-22 18:00:04,selected
京津冀协同发展战略自2014年开始实施，已经5年了。京津冀三地发生了哪些变化？未来又会给大家带来怎样的惊喜？1月16日至18日，习近平在京津冀考察调研透露了京津冀协同发展重要信号。让我们跟随“习近平的足迹”一探究竟。,习近平的足迹丨京津冀联手共绘新蓝图,"李永升,习近平,中国新华新闻电视网,足迹,京津冀",184906,1055,0,2019-01-21 20:09:33,http://m.toutiao.com/group/6648921074199167495/?iid=1234876543&app=news_article&is_hit_share_recommend=0,新华社客户端,3564799576,新华社客户端依托国家通讯社遍布全球的新闻信息采集网络，全天候发布一手新闻资讯。,True,2019-01-22 18:00:04,selected
辣椒这样做好看又好吃，做法简单开胃又下饭，天天吃都吃不腻，并且还很解馋，农业，农村，农民，川菜，美食,青椒这样做太好吃了，开胃下饭还特别解馋，我家经常这样做来吃,"农业,青椒,下饭,农村,川菜",110251,913,0,2019-01-14 09:36:24,http://m.toutiao.com/a6646011806001136142/?iid=1234876543&app=news_article&is_hit_share_recommend=0,最美家常菜,87797067085,家的味道就是简单的家常菜，让家人天天爱上回家吃饭,True,2019-01-22 18:00:04,selected
膝盖是人体最主要和复杂的承重关节，有时候下蹲或起立的时候，我们会听到膝关节发出咔咔的清脆响声。大多数人都不以为意，但其实膝关节并不会无缘无故的响，尤其伴有疼痛感的时候应当引起重视。,膝盖疼、膝盖响不是小事，养膝、护膝，4个办法解决,"骨关节炎,髌骨软化症,骨膜炎,膝盖,关节炎",192,0,0,2019-01-22 17:37:05,http://m.toutiao.com/a6649252871193756163/?iid=1234876543&app=news_article&is_hit_share_recommend=0,39减肥健身学院,4252566093,提供健康减肥指导和减肥食谱，减肥健身励志故事等。,True,2019-01-22 18:00:04,selected
任正非说：十年来我天天思考的都是失败，对成功视而不见，也没有什么荣誉感、自豪感，而是危机感。1、站在客户的角度帮他思考很多商铺销售，一逮到客户，就滔滔不绝，把面积，朝向，单价，总价，折扣介绍个不停，但唯独不谈，怎么让这个客户赚钱。,这样卖商铺，客户反倒求着要买,"客户,投资回报率,客户传递,稀缺,商铺",25,0,0,2019-01-22 17:22:09,http://m.toutiao.com/a6649249019556004360/?iid=1234876543&app=news_article&is_hit_share_recommend=0,房地产经纪之家,52138953840,我是傲立霜雪中一朵腊梅,False,2019-01-22 18:00:04,selected
香港《南华早报》网站1月20日刊登文章称，加拿大被夹在中国与美国之间左右为难，目前受到两方面的压力。,港媒称美国设“陷阱”引加拿大入局：加方现在两面不是人,"中国,加拿大,文章,文章称,孟晚舟",105792,105,0,2019-01-22 13:27:05,http://m.toutiao.com/group/6649188445572825603/?iid=1234876543&app=news_article&is_hit_share_recommend=0,参考消息,3410158585,《参考消息》创刊于1931年，是中国发行量最大的日报。,True,2019-01-22 18:00:04,selected
关于征集韩宝军等人违法犯罪线索的通告近期，我市公安机关打掉一个涉恶犯罪集团，抓获犯罪嫌疑人韩宝军、周元超、万林鑫等人，目前主要犯罪嫌疑人已被逮捕。,临沂警方通告：韩宝军、周元超、万林鑫，全城通缉！,"临沭县,韩宝军,犯罪集团,郯城县,店头镇",73629,157,0,2019-01-22 05:56:51,http://m.toutiao.com/a6649072420156080643/?iid=1234876543&app=news_article&is_hit_share_recommend=0,财圈儿,6794664987,鲁南商报官方财经号，发布最前沿、快捷、实用、权威财经资讯。,True,2019-01-22 18:00:04,selected
许多美女特工相继而出，以色诱惑之然后获取情报~最近，有一些印度士兵好像就中了这个“美人计”。印度士兵被来自巴基斯坦的虚假社交媒体帐户“困住”事情是这样的，现在是互联网时代，年轻人嘛都喜欢上网。,印度士兵以为在网上遇到真爱，没想到对方竟是巴基斯坦美女特工,"乔普拉,巴基斯坦,印度士兵,CNN,美人计",344488,90,0,2019-01-21 17:56:33,http://m.toutiao.com/a6648886799097659912/?iid=1234876543&app=news_article&is_hit_share_recommend=0,张召忠,6026436452,著名军事专家、原国防大学教授,True,2019-01-22 18:00:04,selected
高危行为不安全的性行为，比如不用安全套的为危险行为输注不安全的血液或血液制品共用注射器静脉吸毒等职业暴露医护人员、警察等指人员在从事艾兹病防治工作或者其他过程中，被HIV感染者或艾滋病病人的血液、体液污染了破损的皮肤或胃肠道黏膜，或被含有HIV的血液、体液污染了的针头及其他锐器刺,感染艾滋病的1个小时里，我完成了自救！,"HIV,血常规,阿巴拉,乙肝,中国艾滋病诊疗指南,职业暴露",12,0,0,2019-01-22 17:27:42,http://m.toutiao.com/a6649250449809490440/?iid=1234876543&app=news_article&is_hit_share_recommend=0,妙手医生,5591999427,“妙手医生”旗下健康科普平台。专业实用，科学易懂。,True,2019-01-22 18:00:04,selected
1月22日9时12分，位于北京首都机场地区的中国民航飞行校验中心停机位上，一架奖状680飞机申请放行。,北京大兴国际机场迎来第一架飞机,"飞行校验,北京大兴国际机场,中国民航飞行校验中心,大兴国际机场,停机位",102843,145,0,2019-01-22 10:33:44,http://m.toutiao.com/group/6649143774763024900/?iid=1234876543&app=news_article&is_hit_share_recommend=0,人民日报,104246645773,参与、沟通、记录时代。,True,2019-01-22 18:00:04,selected
宿迁 惊魂一刻 高速开车走神 撞上匝道翻滚数圈序列0,高速路上SUV撞上匝道翻滚数圈，原因竟然是司机分心驾驶！,"司机,suv",23,0,0,2019-01-22 17:31:46,http://m.toutiao.com/a6649251497949266440/?iid=1234876543&app=news_article&is_hit_share_recommend=0,荔枝新闻,6976474883,第一时间关注江苏新闻现场，揭秘江苏卫视台前幕后。,True,2019-01-22 18:00:04,selected
心率下降至56次/分，血氧饱和度持续走低，湖南儿童医院危重病医学一科42床的监护仪响起了报警声…医护人员随即进行抢救，持续胸外按压40余分钟，但尧尧还是没被抢救过来，于2019年1月8日13时45分遗憾离世。,“长沙最小植物人”离世 父亲与医院的9年纷争,"尧尧,永和镇,湖南省儿童医院,重症监护室,儿童医院",232697,170,0,2019-01-21 19:52:18,http://m.toutiao.com/group/6648916630166307342/?iid=1234876543&app=news_article&is_hit_share_recommend=0,成都商报,4085395345,成都商报创刊于1994年1月1日，是西部影响力最大的主流媒体,True,2019-01-22 18:00:04,selected
黄龄舞台妩媚献唱经典歌曲《痒》，高潮部分让人欲罢不能,黄龄舞台妩媚献唱经典歌曲《痒》，高潮部分让人欲罢不能,"黄龄,痒,经典歌曲",421695,2906,0,2018-11-02 13:22:25,http://m.toutiao.com/a6619129345531183620/?iid=1234876543&app=news_article&is_hit_share_recommend=0,超强音浪official,55798061027,《超强音浪》是山东卫视重磅打造的一档大型音乐访谈季播综艺节目,False,2019-01-22 18:00:04,selected
黄文武摄挪用公款1000余万元赌博挥霍，畏罪潜逃终陷穷途末路――亡命天涯21年的他自首了他曾年少有为，春风得意。,副科长挪用千万赌博后潜逃21年：常露宿街头吃馒头,"卢展鹏,农行,珠海,亡命天涯,畏罪潜逃",91707,196,0,2019-01-22 07:13:46,http://m.toutiao.com/group/6649092243556663812/?iid=1234876543&app=news_article&is_hit_share_recommend=0,人民网,50502346173,人民网官方头条号:权威、实力，源自人民,True,2019-01-22 18:00:04,selected
然后昨天“特别知情”的六六老师又出来爆料，说女方狮子大开口张嘴就要几个亿――到了今天，剧情居然又有些反转了。,好男人吴秀波，凉了,"吴秀波,虎啸龙吟,新喜剧之王,人民警察,幸福蓝海,欲望之城,欲望与城市,疯狂的外星人,新丽传媒,黄海波,大军师司马懿,当代东方,飞驰人生,情圣2",100808,85,0,2019-01-21 20:15:34,http://m.toutiao.com/a6648922625055654413/?iid=1234876543&app=news_article&is_hit_share_recommend=0,记者站网,3362697455,专注传媒互联网报道，与三十万传媒人见证媒变。,True,2019-01-22 18:00:04,selected
幼儿园称，这是让孩子们回归自然，裸体状态可以刺激大脑发育！日本网友纷纷表示无法理解：这是什么幼儿园！,日本幼儿园不准学生穿衣服 称裸体可以刺激大脑发育,"幼儿园,日本,神奈川县",3254,9,0,2019-01-22 11:56:33,http://m.toutiao.com/group/6649165112991023630/?iid=1234876543&app=news_article&is_hit_share_recommend=0,3DMGAME,6566863607,国内知名综合游戏媒体（3dm）,True,2019-01-22 18:00:04,selected
30吨货车因车速偏快 引发货物倾斜致翻车 俩夫妻差点被掩埋,30吨货车因车速偏快 引发货物倾斜致翻车 俩夫妻差点被掩埋,夫妻,437733,412,0,2018-12-04 16:15:33,http://m.toutiao.com/a6631048686749090318/?iid=1234876543&app=news_article&is_hit_share_recommend=0,麻辣新视界,68237138662,看风云，知天下，不负好时光。,True,2019-01-22 18:00:04,selected
令人吃惊的是，几名组织者中，竟有人让自己女朋友当站街女。涉案的6名被告中，除卢某生病住院未参加庭审外，其余均到庭。,广西一卖淫团伙五名男子逼迫各自女友当站街女“接客”：一天必须接20个客人,"卖淫,女朋友,组织者,卖淫女,站街女",21151,44,0,2019-01-21 21:32:28,http://m.toutiao.com/a6648942441120399880/?iid=1234876543&app=news_article&is_hit_share_recommend=0,新闻晨报,6091269943,新闻力量，优化生活。上海新闻资讯第一平台。,True,2019-01-22 18:00:04,selected
2019年1月21日，省部级主要领导干部坚持底线思维着力防范化解重大风险专题研讨班在中央党校开班。	习近平在讲话中提到“需要有充沛顽强的斗争精神”、“既要打好防范和抵御风险的有准备之战，也要打好化险为夷、转危为机的战略主动战”，并作出一系列部署。,如何打好防范化解重大风险之战，习近平这样部署,"防范化解,习近平,领导干部,省部级,斗争精神",172465,907,0,2019-01-22 16:23:34,http://m.toutiao.com/a6649233923232498180/?iid=1234876543&app=news_article&is_hit_share_recommend=0,央视网新闻,50025817786,央视网原创内容，包含热点解析，精彩图片，说新闻等。,True,2019-01-22 18:00:07,selected
京津冀协同发展战略自2014年开始实施，已经5年了。京津冀三地发生了哪些变化？未来又会给大家带来怎样的惊喜？1月16日至18日，习近平在京津冀考察调研透露了京津冀协同发展重要信号。让我们跟随“习近平的足迹”一探究竟。,习近平的足迹丨京津冀联手共绘新蓝图,"京津冀,李永升,习近平,中国新华新闻电视网,足迹",184906,1055,0,2019-01-21 20:09:33,http://m.toutiao.com/group/6648921074199167495/?iid=1234876543&app=news_article&is_hit_share_recommend=0,新华社客户端,3564799576,新华社客户端依托国家通讯社遍布全球的新闻信息采集网络，全天候发布一手新闻资讯。,True,2019-01-22 18:00:07,selected
大家都知道杨幂身材高挑，长相也是非常精致，而且穿的也非常有品位，有着“带货女王”的称号，穿衣搭配非常有自己的特色。,杨幂为了美真够拼！大冬天穿凉鞋，看到脚趾头网友们瞬间沉默了,"脚趾头,杨幂,凉鞋,刘恺威,娱乐圈",355497,62,0,2019-01-16 15:03:46,http://m.toutiao.com/group/6646986847333384718/?iid=1234876543&app=news_article&is_hit_share_recommend=0,未视界,61660169450,未来网 ― 中央新闻网站,True,2019-01-22 18:00:07,selected
女子和丈夫吵嘴一气之下回到娘家，过了几天才发现家里人去楼空？,女子和丈夫吵嘴一气之下回到娘家，过了几天才发现家里人去楼空？,,739486,3591,0,2018-12-12 22:05:22,http://m.toutiao.com/a6633357824787218958/?iid=1234876543&app=news_article&is_hit_share_recommend=0,四川观察,52528956214,视频新闻第一屏，更多独家短视频下载“四川观察”,True,2019-01-22 18:00:08,selected
我把扣肉做绝了，六星级大厨都点赞，做法很正宗，一点都不油腻，吃起来非常的香，五花肉入口即化，一人能吃个半碗，一起来看看吧，农业，农村，农民，川菜，美食,我把扣肉做绝了，六星级大厨都点赞，做法很正宗，一点都不油腻,"五花肉,农村,扣肉,大厨,农业",1248096,38489,0,2018-11-24 15:35:04,http://m.toutiao.com/a6627327399308558855/?iid=1234876543&app=news_article&is_hit_share_recommend=0,最美家常菜,87797067085,家的味道就是简单的家常菜，让家人天天爱上回家吃饭,True,2019-01-22 18:00:08,selected
1月20日晚上八点多，陈先生在苏州金山南路72号附近丢失一个LV包，他说，只要能找回包，不仅不追究责任，还愿意将包内1万多元的现金全数赠予，还有额外的五万元奖励。,包内1万多元全数赠与 另加5万元酬谢 他丢的LV包里有啥宝贝？,金山南路,18690,16,0,2019-01-22 12:50:36,http://m.toutiao.com/a6649179044447257095/?iid=1234876543&app=news_article&is_hit_share_recommend=0,新闻夜班车,4156787911,苏州本地王牌节目，蝉联收视之巅。关注你我身边事，记录苏州大小事。,True,2019-01-22 18:00:08,selected
外媒称美国已通知加拿大，将正式提出引渡孟晚舟。外交部发言人华春莹表示，中方已多次就此事件表示严正立场，并且再次督促美加双方立即纠正错误。,中国外交部：保障孟晚舟合法权益 加拿大应立即放人,"加拿大,孟晚舟,合法权益,外交部发言人华春莹,联合国",14782,11,0,2019-01-22 16:13:05,http://m.toutiao.com/a6649231223321264644/?iid=1234876543&app=news_article&is_hit_share_recommend=0,手机中国,2961585772,专业、有态度的手机门户！,True,2019-01-22 18:00:08,selected
老人组队自驾游，逞强硬闯小路遇险，网友：不作不死,老人组队自驾游，逞强硬闯小路遇险，网友：不作不死,"小路,自驾游",168395,96,0,2019-01-21 18:13:13,http://m.toutiao.com/a6648891097072271885/?iid=1234876543&app=news_article&is_hit_share_recommend=0,湖南都市传奇,85445713740,湖南都市频道《都市传奇》栏目,True,2019-01-22 18:00:08,selected
很多球迷还沉浸在国足战胜泰国队，顺利杀进亚洲杯八强的喜悦。这位足记认为，国足与吉尔吉斯斯坦、菲律宾、韩国这样的球队分到一组，就应该顺利出线进入十六强。,国内足球名记公开炮轰里皮！直言踢完伊朗你就该下课走人了！,"亚洲杯,里皮,吉尔吉斯斯坦,徐江,国足",32821,7,0,2019-01-22 16:46:34,http://m.toutiao.com/a6649239853051413005/?iid=1234876543&app=news_article&is_hit_share_recommend=0,全球体育,6113290541,网罗全球体育新闻资讯、足球五大联赛资料资讯,False,2019-01-22 18:00:08,selected
2016年6月27日早上八点，淮南市八公山森林公园的看护员老赵，像往常一样在其负责的园区打扫卫生，突然林间传来了一阵狗叫声，他听到之后觉得有些反常，平日里这条名为大黄的看门狗非常安静，轻易不会乱叫，老赵决定去看看到底出了什么事，可接下来的一幕却让老赵至今心有余悸。,公园内惊现女尸 被害女子生前打电话向丈夫求助,"森林公园,安徽广播电视台,女尸,八公山,淮南市",7802,9,0,2019-01-22 16:01:14,http://m.toutiao.com/a6649157450891002382/?iid=1234876543&app=news_article&is_hit_share_recommend=0,沸闻天下,51570334683,每天给你传递有速度、有温度、有深度、有意思的新闻,True,2019-01-22 18:00:08,selected
想吃扣肉别去买了，妈妈教你这样做，肉香皮糯，奶奶吃的真香，农村妈妈手把手教你，我先收藏了！,想吃扣肉别去买了，妈妈教你这样做，皮糯肉香，奶奶吃的真香,"皮糯,农村,肉香,扣肉",22813,324,0,2019-01-17 12:31:57,http://m.toutiao.com/a6647318810850247182/?iid=1234876543&app=news_article&is_hit_share_recommend=0,妈妈家常菜,62722258557,每天一道家常菜，传递美食资讯，享受健康生活！,True,2019-01-22 18:00:08,selected
北京调整23项公证服务收费标准，预计减轻社会负担1.31亿元。自2019年2月25日起，北京将下调提存公证、财产继承赠与和遗赠公证、经济合同公证和赋予债权文书强制执行效力公证等4项公证服务收费标准。,北京调整23项公证服务收费标准 预计减轻社会负担1.31亿元,"公证服务,公证,公证机构,北京市,负责人",1042,9,0,2019-01-22 17:22:39,http://m.toutiao.com/group/6649249150300848653/?iid=1234876543&app=news_article&is_hit_share_recommend=0,中国新闻网,5757091251,中央主要新闻网站之一，全球中文网络资讯的重要原创内容供应者。,True,2019-01-22 18:00:08,selected
火车遇见霸座男，寻求帮助，列车员居然帮着霸座男子打圆场？,火车遭遇霸座，小姑娘无奈救助列车员，怎料更加委屈了,"列车员,小姑娘",330599,638,0,2019-01-11 18:22:57,http://m.toutiao.com/a6645182754084356615/?iid=1234876543&app=news_article&is_hit_share_recommend=0,山西广播电视台,105938200621,山西广播电视台官方账号,True,2019-01-22 18:00:08,selected
大厨教你做一道正宗的麻婆豆腐，豆腐嫩滑不碎，做法超级简单,大厨教你做一道正宗的麻婆豆腐，豆腐嫩滑不碎，做法超级简单,"麻婆豆腐,大厨,豆腐,嫩滑",294866,3981,0,2018-10-28 21:38:45,http://m.toutiao.com/a6617401820618703374/?iid=1234876543&app=news_article&is_hit_share_recommend=0,小雄美食平台,51529786901,小雄哥教你做菜，让美食和健康伴随你！,True,2019-01-22 18:00:08,selected
“房地产税法或将于2019年提交全国人大常委会审议”。北京大学法学院教授、中国法学会财税法学研究会会长刘剑文21日出席由中国新闻社主办的“国是论坛――2018经济形势分析会”时表示。,喊了很久的“房产税要来了”这次或许真的要来了！,"连平,房地产税,房地产,房产税,刘剑文",40855,121,0,2019-01-22 10:45:32,http://m.toutiao.com/a6649146814756815364/?iid=1234876543&app=news_article&is_hit_share_recommend=0,中国商网,6009119521,中国商报头条号，关注财经、商业流通领域。,True,2019-01-22 18:00:08,selected
由于对它不是很了解，其实最开始没有当一回事。因为知道很多人体内都有螺旋幽门杆菌，再加上其他朋友检测之后医生说过可以不治疗，只要注意饮食就可以。,幽门螺杆菌感染了？4个方法，一次性“扫清”,"胃粘膜,胃溃疡,胃炎,胃癌,幽门螺杆菌",29679,254,0,2019-01-22 08:00:00,http://m.toutiao.com/a6648844359812776452/?iid=1234876543&app=news_article&is_hit_share_recommend=0,肿瘤的真相与误区,50395427917,权威专家揭秘肿瘤热门话题的真与假，提供正确的抗癌防癌知识。,True,2019-01-22 18:00:08,selected
饺子好吃有诀窍，只要学会这个步骤，馅料鲜香，汁多肉嫩，好吃的停不下来。,饺子好吃有秘诀，只要学会这2步，馅料鲜香，煮饺子还不破皮,"馅料,煮饺子,饺子,鲜香",151605,1923,0,2018-11-05 17:17:00,http://m.toutiao.com/a6620303048801518083/?iid=1234876543&app=news_article&is_hit_share_recommend=0,小秋,52135973828,分享美食视频，每一顿饭都不能将就,True,2019-01-22 18:00:08,selected
各个厂商都纷纷推出了自己的新车来吸引消费者注意，那么今天就带大家看看江淮瑞风S3的最新申报图。外观方面，江淮瑞风S3采用了家族式前脸设计，分体式大灯组非常具有辨识度。,全新江淮瑞风S3申报图，了解一下！,"国产车,瑞风,瑞风S3,江淮瑞风S3,江淮,江淮瑞风s3",69969,28,0,2019-01-21 10:46:14,http://m.toutiao.com/a6648775908213654020/?iid=1234876543&app=news_article&article_category=automobile&is_hit_share_recommend=0,天天汽车,6133649441,天天汽车―车主的汽车美学,False,2019-01-22 18:00:08,selected
2019年1月21日，省部级主要领导干部坚持底线思维着力防范化解重大风险专题研讨班在中央党校开班。	习近平在讲话中提到“需要有充沛顽强的斗争精神”、“既要打好防范和抵御风险的有准备之战，也要打好化险为夷、转危为机的战略主动战”，并作出一系列部署。,如何打好防范化解重大风险之战，习近平这样部署,"防范化解,习近平,领导干部,省部级,斗争精神",172465,907,0,2019-01-22 16:23:34,http://m.toutiao.com/a6649233923232498180/?iid=1234876543&app=news_article&is_hit_share_recommend=0,央视网新闻,50025817786,央视网原创内容，包含热点解析，精彩图片，说新闻等。,True,2019-01-22 18:00:11,selected
京津冀协同发展战略自2014年开始实施，已经5年了。京津冀三地发生了哪些变化？未来又会给大家带来怎样的惊喜？1月16日至18日，习近平在京津冀考察调研透露了京津冀协同发展重要信号。让我们跟随“习近平的足迹”一探究竟。,习近平的足迹丨京津冀联手共绘新蓝图,"京津冀,李永升,习近平,中国新华新闻电视网,足迹",184906,1055,0,2019-01-21 20:09:33,http://m.toutiao.com/group/6648921074199167495/?iid=1234876543&app=news_article&is_hit_share_recommend=0,新华社客户端,3564799576,新华社客户端依托国家通讯社遍布全球的新闻信息采集网络，全天候发布一手新闻资讯。,True,2019-01-22 18:00:11,selected
菲律宾农民设陷阱抓巨蜥，抓获后胆汁出售，巨蜥肉用来款待村民,菲律宾农民设陷阱抓巨蜥，抓获后胆汁出售，巨蜥肉用来款待村民,"胆汁,菲律宾,巨蜥",48816,77,0,2019-01-21 16:03:20,http://m.toutiao.com/a6648857623674225155/?iid=1234876543&app=news_article&is_hit_share_recommend=0,动物萌宠来袭,100713910704,云南广电网络台新媒体官方账号,True,2019-01-22 18:00:11,selected
你们真的是太棒了，我为你们每一个人都感到骄傲！,你们真的是太棒了，我为你们每一个人都感到骄傲！,,7,0,0,2019-01-22 14:45:26,http://m.toutiao.com/a6649208635362640388/?iid=1234876543&app=news_article&is_hit_share_recommend=0,河北广电网络传媒,110250428664,提供更多有趣、好玩的信息,False,2019-01-22 18:00:11,selected
闹市中拆楼！,创纪录！五一大道上62米高楼成功爆破，仅用2.81秒大楼轰然倒塌,"大楼,五一大道",616,0,0,2019-01-21 18:16:34,http://m.toutiao.com/a6648891957344993805/?iid=1234876543&app=news_article&is_hit_share_recommend=0,湖南经视,64883978705,湖南广播电视台经视频道官方帐号,True,2019-01-22 18:00:11,selected
男神女神秀：社会两性关系发生微妙改变？据调查80%的女性渴望的并不是男朋友？,社会两性关系发生微妙改变？据调查80%的女性渴望的并不是男朋友,"两性关系,男朋友,女性",223710,1715,0,2018-12-23 13:23:00,http://m.toutiao.com/a6637792635350155789/?iid=1234876543&app=news_article&is_hit_share_recommend=0,海鸥综艺局,101165724504,东南卫视综艺节目官方账号,True,2019-01-22 18:00:11,selected
选择衣服是越来越重要了，并不是随随便便的衣服都能往身上穿。林心如她如今也是个大牌明星，她这个人的气质和颜值各方面都是比较优秀的，但这次却一条拉链决定了身材！,林心如一身连体裤穿的丰满，一条拉链决定身材！,"林心如,连体裤,拉链",1439,0,0,2019-01-22 15:43:42,http://m.toutiao.com/group/6649223651436528136/?iid=1234876543&app=news_article&is_hit_share_recommend=0,未视界,61660169450,未来网 ― 中央新闻网站,True,2019-01-22 18:00:11,selected
女士横过马路“撞”死人？,女士横过马路“撞”死人？看到监控中这个动作法官当即判她有罪,"马路,法官",383934,2749,0,2019-01-21 16:06:30,http://m.toutiao.com/a6648858442456891908/?iid=1234876543&app=news_article&is_hit_share_recommend=0,央视网新闻,50025817786,央视网原创内容，包含热点解析，精彩图片，说新闻等。,True,2019-01-22 18:00:11,selected
你睡的这款“天然”乳胶枕  可能致癌！,你睡的这款“天然”乳胶枕，可能致癌！选择天然乳胶枕注意三个字,乳胶枕,447555,22402,0,2018-12-22 16:28:17,http://m.toutiao.com/a6637729843465159176/?iid=1234876543&app=news_article&is_hit_share_recommend=0,四川观察,52528956214,视频新闻第一屏，更多独家短视频下载“四川观察”,True,2019-01-22 18:00:11,selected
聚焦部队训练热潮，聚焦文艺轻骑兵鼓舞官兵士气、服务部队战斗力的生动实践。文艺轻骑兵在南部战区马龙合同训练基地，为驻训部队官兵带去了精彩纷呈的战地慰问文艺演出，小品《东边日出西边雨》看着笑着就哭了。,戏说官兵找对象，笑着笑着就哭了,"东边日出西边雨,轻骑兵,部队官兵,官兵,军营大舞台",156902,1019,0,2018-12-20 21:28:10,http://m.toutiao.com/a6637066609489871364/?iid=1234876543&app=news_article&is_hit_share_recommend=0,解放军新闻传播中心融媒体,5786921589,兵在掌上阅，中国军队的声音。,True,2019-01-22 18:00:11,selected
当地时间21日晚，2019年世界经济论坛年会在瑞士达沃斯正式开幕。国内陷困局美英法领导人集体缺席白雪覆盖的达沃斯小镇迎来了第49届达沃斯论坛，相比以往直升机高空盘旋、安保严阵以待的达沃斯论坛。,2019年世界经济论坛年会开幕 美英法领导人集体缺席,"民粹主义,全球治理,世界经济论坛,达沃斯,达沃斯论坛",26914,24,0,2019-01-22 10:02:08,http://m.toutiao.com/group/6649135631953822215/?iid=1234876543&app=news_article&is_hit_share_recommend=0,新京报,5540918998,慧眼看中国，我们愿做你的4D眼镜。独家调查、深度报道，在这里，新京报能让你得到不一样的满足。,True,2019-01-22 18:00:11,selected
做微商的老总  卖起了杭州户口,做微商的老总 卖起了杭州户口,"杭州,户口,微商",92469,145,0,2019-01-15 19:55:02,http://m.toutiao.com/a6646690820911006215/?iid=1234876543&app=news_article&is_hit_share_recommend=0,小强热线,6230876266,浙江广电集团品牌栏目，浙江电视台教育科技频道官方头条号！,True,2019-01-22 18:00:11,selected
尤其是对于刚需族来说，要想在城市买一套房还在真不容易，所以不少人就将目光投向了二手房。虽然二手房是比较便宜，但买的时候也需要提前做好一些买房知识的了解，想必买二手房的朋友非常的关心这个问题。,买二手房，是“先过户”还是“先付款”? 听行家一说，不怕吃亏了,"二手房,先过户,订金,买二手房,先付款",28028,219,0,2019-01-21 22:17:00,http://m.toutiao.com/a6648892623719236103/?iid=1234876543&app=news_article&is_hit_share_recommend=0,特价房兰州,86334088107,特价房兰州为购房者提供一手楼市资讯及房源信息。,False,2019-01-22 18:00:11,selected
国家特级厨师九爷教你如何做出正宗的老北京炸酱面,国家特级厨师九爷教你如何做出正宗的老北京炸酱面,"特级厨师,九爷,老北京炸酱面",367285,7064,0,2018-12-02 21:47:46,http://m.toutiao.com/a6630392127496913415/?iid=1234876543&app=news_article&is_hit_share_recommend=0,旅游卫视,4189336212,旅游卫视，倡导绿色生活、传播绿色理念、引领绿色生活方式，致力成为中国第一绿色主流电视媒体。身未动 心已远，旅游卫视，让我们一起走吧！,True,2019-01-22 18:00:11,selected
“水泥妹”被新华网批评，网红造假 你骗人的样子真丑MY,“水泥妹”被新华网批评，网红造假，你骗人的样子真丑！,"新华网,水泥",893147,4890,0,2018-12-05 17:34:40,http://m.toutiao.com/group/6631331390283596295/?iid=1234876543&app=news_article&is_hit_share_recommend=0,荔枝新闻,6976474883,第一时间关注江苏新闻现场，揭秘江苏卫视台前幕后。,True,2019-01-22 18:00:11,selected
为了感受鳄龟的咬合力，老哥用手亲自感受了一下，结果悲剧了 动物 鳄龟 咬合力 作死 悲剧,为了感受鳄龟的咬合力，老哥用手亲自感受了一下，结果悲剧了,"鳄龟,咬合力",277555,33,0,2018-11-30 14:57:56,http://m.toutiao.com/a6629544341343863304/?iid=1234876543&app=news_article&is_hit_share_recommend=0,野生放映员,68701743687,纯野生 无污染 不吃饲料的野生放映员,True,2019-01-22 18:00:11,selected
在被催婚被催生被八卦被鄙视的当代青年的春节里，麻将，也许是仅剩的快乐喷泉了。文/易米三升麻将，是祖国大地上被cue到次数最多的生活道具了，它陪伴中国人度过了一个又一个的春夏秋冬。,三缺一，是中国人最大的恐惧,"醉打金枝,打麻将,Monster,容忍与自由,麻将,绥寇纪略,中国,吴伟业,捉妖记,升平公主",110491,1112,0,2019-01-22 10:48:39,http://m.toutiao.com/a6649147617999585796/?iid=1234876543&app=news_article&is_hit_share_recommend=0,新周刊,5533107032,中国最新锐的生活方式周刊,True,2019-01-22 18:00:11,selected
